reportID,distcode_origin_enter,distcode_dest_enter,enters
68,00,01,29
68,00,03,20
68,00,04,157
68,00,06,37
68,00,07,167
68,00,08,59
68,00,09,18
68,00,10,88
68,00,12,5
68,00,13,7
68,00,15,10
68,00,16,54
68,00,17,40
68,00,19,79
68,00,20,15
68,00,21,63
68,00,22,2
68,00,23,37
68,00,24,48
68,00,25,23
68,00,26,307
68,00,27,64
68,00,28,1048
68,00,30,6
68,00,31,30
68,00,32,47
68,00,33,35
68,00,35,143
68,00,36,67
68,00,38,68
68,00,39,233
68,00,40,2
68,00,48,1
68,00,50,4
68,00,51,3
68,00,52,1
68,00,58,2
68,00,60,9
68,00,67,98
68,00,96,39
68,00,97,20
68,00,98,42
68,00,99,14
68,01,01,4
68,01,10,2
68,01,20,1
68,01,28,1
68,01,35,1
68,01,96,3
68,01,97,1
68,03,03,6
68,03,04,3
68,03,06,1
68,03,07,1
68,03,08,2
68,03,10,3
68,03,13,1
68,03,16,1
68,03,24,1
68,03,26,6
68,03,28,11
68,03,31,4
68,03,33,1
68,03,35,1
68,03,38,1
68,03,39,25
68,03,58,1
68,03,67,2
68,03,96,1
68,03,98,1
68,03,99,1
68,04,03,1
68,04,04,31
68,04,07,3
68,04,08,6
68,04,10,5
68,04,16,8
68,04,17,3
68,04,19,1
68,04,23,2
68,04,24,4
68,04,26,82
68,04,27,1
68,04,28,54
68,04,31,2
68,04,32,1
68,04,33,1
68,04,35,2
68,04,38,8
68,04,39,16
68,04,59,1
68,04,60,1
68,04,67,3
68,06,03,1
68,06,06,12
68,06,07,4
68,06,13,1
68,06,16,3
68,06,17,3
68,06,19,1
68,06,20,1
68,06,23,4
68,06,25,1
68,06,26,4
68,06,28,4
68,06,30,2
68,06,31,1
68,06,32,2
68,06,35,19
68,06,38,28
68,06,39,1
68,06,67,5
68,06,97,6
68,06,98,3
68,06,99,1
68,07,03,4
68,07,06,13
68,07,07,150
68,07,08,1
68,07,09,1
68,07,10,5
68,07,15,2
68,07,16,17
68,07,17,2
68,07,19,5
68,07,20,3
68,07,21,2
68,07,23,5
68,07,24,8
68,07,25,5
68,07,26,11
68,07,27,1
68,07,28,61
68,07,30,1
68,07,31,1
68,07,32,4
68,07,33,2
68,07,35,27
68,07,36,1
68,07,38,15
68,07,39,7
68,07,49,5
68,07,60,2
68,07,67,5
68,07,96,1
68,07,97,4
68,07,98,2
68,07,99,1
68,08,03,2
68,08,04,9
68,08,08,18
68,08,10,2
68,08,17,3
68,08,24,1
68,08,25,3
68,08,26,8
68,08,27,1
68,08,28,13
68,08,35,4
68,08,36,1
68,08,38,3
68,08,39,7
68,08,58,2
68,08,67,2
68,08,96,1
68,08,98,1
68,09,06,1
68,09,07,7
68,09,08,1
68,09,09,9
68,09,23,2
68,09,25,1
68,09,28,1
68,09,31,1
68,09,35,1
68,09,38,2
68,10,01,2
68,10,03,2
68,10,04,2
68,10,06,4
68,10,07,11
68,10,08,1
68,10,10,65
68,10,16,3
68,10,17,7
68,10,20,2
68,10,21,2
68,10,22,3
68,10,23,2
68,10,24,2
68,10,25,2
68,10,26,11
68,10,28,28
68,10,31,4
68,10,32,3
68,10,35,15
68,10,38,3
68,10,39,6
68,10,67,2
68,10,96,4
68,10,97,2
68,13,03,5
68,13,10,1
68,13,17,1
68,13,28,2
68,15,15,1
68,15,20,2
68,15,23,1
68,15,24,2
68,16,03,4
68,16,06,2
68,16,07,12
68,16,10,2
68,16,12,1
68,16,13,1
68,16,16,21
68,16,17,1
68,16,20,1
68,16,21,1
68,16,23,3
68,16,24,7
68,16,25,1
68,16,26,10
68,16,27,3
68,16,28,22
68,16,30,4
68,16,31,4
68,16,32,2
68,16,35,5
68,16,38,2
68,16,39,4
68,16,60,1
68,16,67,4
68,16,96,1
68,16,98,2
68,17,19,1
68,17,39,1
68,17,67,1
68,19,03,3
68,19,04,1
68,19,07,5
68,19,09,1
68,19,10,2
68,19,17,1
68,19,19,9
68,19,20,3
68,19,21,24
68,19,26,3
68,19,27,8
68,19,28,10
68,19,33,4
68,19,35,1
68,19,38,2
68,19,39,1
68,19,67,3
68,19,96,6
68,20,03,1
68,20,06,1
68,20,07,2
68,20,19,3
68,20,20,5
68,20,23,1
68,20,27,3
68,20,32,1
68,20,35,1
68,20,38,5
68,20,39,1
68,20,60,1
68,21,06,1
68,21,07,3
68,21,15,1
68,21,19,24
68,21,21,20
68,21,23,2
68,21,25,2
68,21,26,3
68,21,27,4
68,21,28,20
68,21,32,2
68,21,33,2
68,21,35,1
68,21,38,1
68,21,39,3
68,21,60,1
68,21,67,9
68,21,96,4
68,23,01,1
68,23,03,1
68,23,06,2
68,23,07,3
68,23,10,2
68,23,20,5
68,23,21,2
68,23,23,28
68,23,24,1
68,23,27,1
68,23,28,5
68,23,30,2
68,23,31,2
68,23,32,6
68,23,33,2
68,23,36,5
68,23,38,8
68,23,39,1
68,23,52,3
68,23,55,3
68,23,67,4
68,23,96,1
68,23,97,2
68,23,98,3
68,24,07,2
68,24,10,1
68,24,28,1
68,24,39,1
68,24,67,2
68,25,03,3
68,25,07,3
68,25,08,2
68,25,10,2
68,25,17,4
68,25,21,2
68,25,25,4
68,25,26,3
68,25,27,1
68,25,28,4
68,25,31,8
68,25,33,1
68,25,35,2
68,25,39,5
68,25,67,3
68,25,96,1
68,25,99,1
68,26,01,1
68,26,03,6
68,26,04,68
68,26,06,3
68,26,07,25
68,26,08,23
68,26,10,13
68,26,16,8
68,26,17,14
68,26,21,4
68,26,24,12
68,26,25,1
68,26,26,194
68,26,27,4
68,26,28,99
68,26,31,6
68,26,32,2
68,26,33,1
68,26,35,13
68,26,36,3
68,26,38,5
68,26,39,25
68,26,40,7
68,26,60,1
68,26,67,36
68,26,96,4
68,26,97,1
68,27,04,2
68,27,07,1
68,27,08,1
68,27,10,1
68,27,16,6
68,27,19,10
68,27,20,1
68,27,21,8
68,27,23,3
68,27,24,2
68,27,26,2
68,27,27,6
68,27,28,12
68,27,30,2
68,27,31,1
68,27,32,2
68,27,33,10
68,27,36,1
68,27,38,2
68,27,67,4
68,27,96,3
68,28,01,5
68,28,03,7
68,28,04,67
68,28,06,4
68,28,07,125
68,28,08,8
68,28,09,9
68,28,10,28
68,28,12,2
68,28,16,22
68,28,17,5
68,28,19,11
68,28,20,1
68,28,21,19
68,28,23,6
68,28,24,26
68,28,25,9
68,28,26,91
68,28,27,11
68,28,28,1049
68,28,31,4
68,28,32,8
68,28,33,1
68,28,35,33
68,28,36,2
68,28,38,17
68,28,39,45
68,28,48,1
68,28,49,14
68,28,51,5
68,28,60,10
68,28,67,107
68,28,96,5
68,28,97,5
68,28,98,3
68,30,03,1
68,30,07,3
68,30,09,1
68,30,15,1
68,30,16,1
68,30,28,1
68,30,30,1
68,30,35,1
68,30,38,1
68,30,39,2
68,30,97,2
68,30,98,3
68,31,03,1
68,31,07,1
68,31,10,2
68,31,16,4
68,31,17,2
68,31,23,1
68,31,26,2
68,31,28,4
68,31,30,1
68,31,31,1
68,31,35,3
68,31,39,2
68,31,67,6
68,31,98,1
68,32,06,3
68,32,07,1
68,32,19,2
68,32,20,8
68,32,21,1
68,32,23,7
68,32,26,2
68,32,27,1
68,32,28,12
68,32,32,10
68,32,35,4
68,32,36,6
68,32,38,2
68,32,52,2
68,32,67,5
68,32,97,2
68,32,98,3
68,33,06,1
68,33,16,1
68,33,19,2
68,33,21,3
68,33,26,1
68,33,27,7
68,33,28,4
68,33,31,1
68,33,33,61
68,35,01,1
68,35,03,3
68,35,04,4
68,35,06,28
68,35,07,29
68,35,08,1
68,35,09,4
68,35,10,13
68,35,12,1
68,35,13,2
68,35,16,11
68,35,17,6
68,35,18,2
68,35,19,2
68,35,20,3
68,35,21,3
68,35,23,12
68,35,24,4
68,35,25,1
68,35,26,17
68,35,27,5
68,35,28,23
68,35,31,2
68,35,32,3
68,35,33,3
68,35,35,121
68,35,38,39
68,35,39,3
68,35,67,9
68,35,96,6
68,35,97,4
68,35,98,4
68,35,99,3
68,36,09,2
68,36,19,1
68,36,23,1
68,36,26,2
68,36,27,1
68,36,28,3
68,36,31,1
68,36,32,4
68,36,35,1
68,36,36,14
68,36,39,1
68,36,67,2
68,36,97,1
68,36,98,20
68,38,03,2
68,38,04,1
68,38,06,20
68,38,07,18
68,38,08,4
68,38,09,5
68,38,10,8
68,38,16,2
68,38,17,3
68,38,19,1
68,38,23,9
68,38,24,2
68,38,26,5
68,38,27,1
68,38,28,19
68,38,30,5
68,38,31,1
68,38,32,2
68,38,35,23
68,38,36,1
68,38,38,70
68,38,39,4
68,38,60,1
68,38,67,5
68,38,97,7
68,38,98,7
68,38,99,1
68,39,03,19
68,39,04,6
68,39,06,7
68,39,07,9
68,39,08,10
68,39,09,1
68,39,10,1
68,39,13,3
68,39,16,5
68,39,17,14
68,39,19,3
68,39,21,2
68,39,23,1
68,39,24,6
68,39,25,16
68,39,26,23
68,39,27,5
68,39,28,50
68,39,30,2
68,39,32,1
68,39,35,17
68,39,36,1
68,39,38,6
68,39,39,149
68,39,58,1
68,39,67,8
68,39,99,1
68,40,03,2
68,40,04,2
68,40,07,1
68,40,08,1
68,40,17,7
68,40,20,1
68,40,24,4
68,40,26,6
68,40,28,5
68,40,38,1
68,40,67,1
68,48,07,1
68,49,04,2
68,49,07,2
68,49,24,1
68,49,28,8
68,52,08,1
68,52,12,2
68,52,23,3
68,52,32,1
68,52,98,1
68,53,17,2
68,53,26,2
68,53,28,1
68,55,06,1
68,55,97,1
68,55,98,2
68,58,03,1
68,58,08,1
68,58,17,1
68,59,07,1
68,59,17,1
68,59,26,1
68,60,07,1
68,60,19,2
68,60,21,1
68,60,28,13
68,67,06,3
68,67,07,4
68,67,08,1
68,67,16,1
68,67,19,1
68,67,20,1
68,67,21,5
68,67,23,1
68,67,24,1
68,67,25,1
68,67,26,26
68,67,27,5
68,67,28,43
68,67,31,3
68,67,35,2
68,67,36,1
68,67,38,2
68,67,39,3
68,96,01,2
68,96,03,1
68,96,04,1
68,96,07,2
68,96,08,1
68,96,10,2
68,96,19,4
68,96,21,7
68,96,24,1
68,96,26,4
68,96,27,2
68,96,28,4
68,96,31,1
68,96,33,1
68,96,35,3
68,96,38,1
68,96,96,27
68,97,03,1
68,97,06,5
68,97,07,2
68,97,12,1
68,97,16,2
68,97,17,1
68,97,23,1
68,97,26,1
68,97,27,1
68,97,35,7
68,97,36,2
68,97,38,1
68,97,55,1
68,97,96,1
68,97,97,2
68,97,98,3
68,98,07,2
68,98,16,1
68,98,20,1
68,98,23,4
68,98,26,2
68,98,28,2
68,98,32,7
68,98,35,4
68,98,36,22
68,98,38,2
68,98,52,1
68,98,55,1
68,98,67,2
68,98,97,4
68,98,98,18
68,99,03,3
68,99,04,2
68,99,07,1
68,99,16,1
68,99,17,1
68,99,25,1
68,99,28,4
68,99,32,1
68,99,35,1
68,99,38,2
68,99,39,1
69,00,01,33
69,00,03,29
69,00,04,131
69,00,06,46
69,00,07,190
69,00,08,55
69,00,09,18
69,00,10,86
69,00,12,5
69,00,13,5
69,00,15,9
69,00,16,61
69,00,17,19
69,00,19,103
69,00,20,16
69,00,21,73
69,00,22,3
69,00,23,58
69,00,24,74
69,00,25,17
69,00,26,330
69,00,27,76
69,00,28,1114
69,00,30,15
69,00,31,28
69,00,32,18
69,00,33,38
69,00,35,145
69,00,36,77
69,00,38,42
69,00,39,235
69,00,40,3
69,00,47,1
69,00,48,1
69,00,49,3
69,00,52,1
69,00,53,3
69,00,58,2
69,00,59,2
69,00,60,8
69,00,67,79
69,00,96,50
69,00,97,14
69,00,98,53
69,00,99,4
69,01,01,1
69,01,10,1
69,01,19,1
69,01,23,1
69,01,26,1
69,01,28,1
69,01,35,1
69,01,67,1
69,01,96,3
69,03,03,4
69,03,04,1
69,03,06,1
69,03,07,1
69,03,08,3
69,03,10,2
69,03,16,4
69,03,24,2
69,03,25,2
69,03,26,8
69,03,27,1
69,03,28,5
69,03,38,2
69,03,39,9
69,03,60,1
69,03,67,2
69,03,96,1
69,03,99,2
69,04,04,2
69,04,25,1
69,04,26,3
69,04,28,3
69,04,35,1
69,04,39,1
69,04,67,3
69,04,96,1
69,06,03,1
69,06,06,15
69,06,07,11
69,06,08,1
69,06,10,4
69,06,12,1
69,06,13,1
69,06,16,1
69,06,17,1
69,06,23,2
69,06,25,2
69,06,26,4
69,06,28,5
69,06,30,2
69,06,31,1
69,06,35,20
69,06,36,3
69,06,38,30
69,06,39,2
69,06,67,4
69,06,97,7
69,06,98,3
69,06,99,2
69,07,01,2
69,07,06,6
69,07,07,149
69,07,08,3
69,07,09,5
69,07,10,8
69,07,16,10
69,07,17,1
69,07,19,2
69,07,20,2
69,07,23,4
69,07,24,8
69,07,25,2
69,07,26,18
69,07,28,66
69,07,31,2
69,07,32,2
69,07,35,23
69,07,36,2
69,07,38,18
69,07,39,6
69,07,49,2
69,07,67,9
69,07,96,4
69,07,97,5
69,07,98,3
69,08,03,9
69,08,04,2
69,08,07,1
69,08,08,15
69,08,10,1
69,08,16,2
69,08,17,1
69,08,24,1
69,08,25,4
69,08,26,12
69,08,27,1
69,08,28,7
69,08,32,1
69,08,33,1
69,08,35,6
69,08,38,2
69,08,39,6
69,08,47,3
69,08,58,1
69,08,59,2
69,08,67,1
69,09,07,1
69,09,19,1
69,09,28,1
69,09,35,3
69,09,58,1
69,09,67,1
69,10,01,6
69,10,03,4
69,10,04,6
69,10,06,1
69,10,07,14
69,10,08,4
69,10,10,49
69,10,13,1
69,10,16,4
69,10,19,1
69,10,21,1
69,10,23,2
69,10,24,1
69,10,25,2
69,10,26,16
69,10,27,3
69,10,28,29
69,10,31,2
69,10,35,10
69,10,36,1
69,10,38,9
69,10,39,2
69,10,60,2
69,10,67,2
69,10,96,9
69,10,98,1
69,12,07,1
69,13,26,1
69,15,10,1
69,15,15,1
69,15,23,3
69,15,33,1
69,16,03,2
69,16,06,2
69,16,07,21
69,16,09,2
69,16,10,1
69,16,13,1
69,16,15,1
69,16,16,21
69,16,17,3
69,16,19,2
69,16,20,1
69,16,23,1
69,16,24,6
69,16,26,5
69,16,28,21
69,16,30,4
69,16,35,4
69,16,38,2
69,16,39,3
69,16,60,1
69,16,67,4
69,16,96,1
69,16,97,2
69,17,06,1
69,17,07,4
69,17,08,6
69,17,09,1
69,17,10,4
69,17,16,1
69,17,17,9
69,17,23,2
69,17,24,3
69,17,26,2
69,17,28,6
69,17,33,1
69,17,38,4
69,17,39,10
69,17,67,1
69,17,97,1
69,19,07,2
69,19,10,2
69,19,16,2
69,19,19,15
69,19,21,14
69,19,23,3
69,19,24,1
69,19,26,4
69,19,27,8
69,19,28,8
69,19,32,1
69,19,33,2
69,19,35,2
69,19,67,2
69,19,96,4
69,20,20,3
69,20,21,1
69,20,23,2
69,20,24,3
69,20,32,2
69,20,35,1
69,20,38,2
69,20,67,1
69,21,04,4
69,21,06,1
69,21,07,1
69,21,08,2
69,21,09,1
69,21,10,2
69,21,15,1
69,21,18,1
69,21,19,11
69,21,21,19
69,21,23,4
69,21,24,2
69,21,26,1
69,21,27,8
69,21,28,11
69,21,31,1
69,21,32,2
69,21,33,5
69,21,35,3
69,21,39,1
69,21,60,2
69,21,67,5
69,21,96,1
69,21,97,1
69,22,20,1
69,22,32,1
69,23,04,1
69,23,06,4
69,23,07,6
69,23,08,1
69,23,10,1
69,23,16,1
69,23,19,1
69,23,20,3
69,23,23,11
69,23,24,2
69,23,25,2
69,23,26,2
69,23,28,4
69,23,32,7
69,23,35,8
69,23,38,6
69,23,52,1
69,23,60,2
69,23,67,5
69,23,97,5
69,23,98,6
69,24,04,1
69,24,06,1
69,24,07,4
69,24,10,1
69,24,16,1
69,24,21,1
69,24,24,4
69,24,26,5
69,24,28,9
69,24,35,5
69,24,39,3
69,24,60,1
69,25,03,4
69,25,04,1
69,25,06,1
69,25,10,5
69,25,12,1
69,25,25,5
69,25,26,2
69,25,28,5
69,25,31,7
69,25,35,2
69,25,38,1
69,25,39,15
69,25,58,1
69,25,96,1
69,25,99,1
69,26,01,2
69,26,03,4
69,26,04,37
69,26,06,3
69,26,07,14
69,26,08,14
69,26,09,1
69,26,10,19
69,26,13,1
69,26,16,3
69,26,17,11
69,26,20,2
69,26,21,7
69,26,24,20
69,26,25,6
69,26,26,180
69,26,27,2
69,26,28,93
69,26,31,3
69,26,32,6
69,26,35,12
69,26,38,9
69,26,39,28
69,26,47,2
69,26,51,1
69,26,53,2
69,26,67,23
69,26,96,1
69,26,97,2
69,26,98,3
69,27,07,2
69,27,10,1
69,27,16,1
69,27,17,2
69,27,19,4
69,27,21,7
69,27,23,2
69,27,25,1
69,27,27,6
69,27,28,4
69,27,31,2
69,27,32,1
69,27,33,1
69,27,35,4
69,27,39,1
69,27,67,7
69,27,96,3
69,28,01,5
69,28,03,10
69,28,04,31
69,28,06,12
69,28,07,102
69,28,08,7
69,28,09,1
69,28,10,27
69,28,16,19
69,28,17,3
69,28,19,6
69,28,20,1
69,28,21,21
69,28,23,6
69,28,24,17
69,28,25,7
69,28,26,89
69,28,27,15
69,28,28,942
69,28,31,11
69,28,32,13
69,28,35,42
69,28,38,28
69,28,39,39
69,28,40,1
69,28,48,2
69,28,49,11
69,28,51,6
69,28,53,1
69,28,59,1
69,28,60,8
69,28,67,108
69,28,96,10
69,28,97,4
69,28,98,3
69,30,06,2
69,30,07,3
69,30,12,2
69,30,23,1
69,30,24,1
69,30,31,1
69,30,38,3
69,30,60,1
69,30,99,1
69,31,03,9
69,31,04,1
69,31,07,1
69,31,08,1
69,31,10,9
69,31,13,2
69,31,17,2
69,31,21,1
69,31,24,2
69,31,26,2
69,31,28,6
69,31,30,3
69,31,31,5
69,31,35,6
69,31,38,1
69,31,39,4
69,31,67,7
69,31,96,1
69,31,99,1
69,32,03,1
69,32,07,1
69,32,10,1
69,32,16,1
69,32,17,1
69,32,19,1
69,32,20,7
69,32,23,5
69,32,26,3
69,32,27,1
69,32,28,14
69,32,32,16
69,32,36,6
69,32,38,5
69,32,52,1
69,32,58,1
69,32,67,4
69,32,97,1
69,32,98,6
69,33,03,1
69,33,08,3
69,33,10,1
69,33,19,2
69,33,21,3
69,33,27,2
69,33,28,1
69,33,30,1
69,33,31,2
69,33,33,3
69,33,35,1
69,33,67,1
69,33,96,3
69,35,01,3
69,35,03,3
69,35,04,1
69,35,06,19
69,35,07,36
69,35,08,3
69,35,09,7
69,35,10,11
69,35,13,1
69,35,16,2
69,35,17,2
69,35,19,3
69,35,20,1
69,35,21,1
69,35,23,7
69,35,24,7
69,35,25,1
69,35,26,9
69,35,27,3
69,35,28,21
69,35,30,4
69,35,31,3
69,35,32,5
69,35,35,125
69,35,38,20
69,35,39,10
69,35,67,3
69,35,96,7
69,35,97,6
69,35,98,5
69,35,99,1
69,36,67,1
69,38,03,1
69,38,04,1
69,38,06,31
69,38,07,13
69,38,08,1
69,38,09,2
69,38,10,4
69,38,16,4
69,38,17,2
69,38,19,3
69,38,20,1
69,38,21,1
69,38,23,4
69,38,24,5
69,38,25,2
69,38,26,5
69,38,28,20
69,38,30,2
69,38,31,3
69,38,32,6
69,38,33,2
69,38,35,33
69,38,36,1
69,38,38,37
69,38,39,1
69,38,67,6
69,38,96,2
69,38,97,3
69,38,98,1
69,38,99,2
69,39,03,13
69,39,04,11
69,39,06,2
69,39,07,2
69,39,08,6
69,39,10,6
69,39,16,2
69,39,17,16
69,39,19,1
69,39,20,1
69,39,21,2
69,39,24,7
69,39,25,9
69,39,26,25
69,39,27,2
69,39,28,65
69,39,31,2
69,39,35,8
69,39,38,3
69,39,39,124
69,39,40,1
69,39,58,3
69,39,60,1
69,39,67,13
69,39,96,8
69,39,98,2
69,40,04,5
69,40,17,1
69,40,24,1
69,40,26,8
69,40,28,2
69,40,31,2
69,40,98,1
69,46,26,1
69,47,04,1
69,47,08,3
69,47,28,1
69,47,31,1
69,48,28,1
69,48,97,2
69,49,04,3
69,49,07,2
69,49,28,3
69,49,39,1
69,52,23,2
69,52,32,1
69,53,17,2
69,53,38,1
69,54,67,1
69,58,08,1
69,58,16,1
69,58,25,1
69,58,26,1
69,58,35,1
69,58,39,2
69,59,26,1
69,59,28,1
69,59,32,1
69,60,03,1
69,60,07,2
69,60,16,1
69,60,21,1
69,60,26,1
69,60,27,1
69,60,28,1
69,60,67,2
69,67,04,1
69,67,07,1
69,67,10,2
69,67,16,2
69,67,21,1
69,67,23,1
69,67,25,1
69,67,26,13
69,67,27,6
69,67,28,44
69,67,31,3
69,67,32,1
69,67,35,2
69,67,38,4
69,67,39,2
69,67,96,1
69,96,01,5
69,96,03,4
69,96,04,1
69,96,07,4
69,96,08,1
69,96,10,12
69,96,17,1
69,96,19,1
69,96,21,8
69,96,24,1
69,96,26,2
69,96,27,5
69,96,28,6
69,96,30,1
69,96,32,1
69,96,33,3
69,96,35,5
69,96,60,1
69,96,67,1
69,96,96,30
69,97,06,9
69,97,07,4
69,97,09,1
69,97,16,1
69,97,20,1
69,97,23,3
69,97,25,1
69,97,28,1
69,97,32,1
69,97,35,6
69,97,38,3
69,97,60,1
69,97,67,1
69,97,96,1
69,97,98,1
69,98,03,1
69,98,06,3
69,98,08,2
69,98,16,1
69,98,19,2
69,98,20,1
69,98,23,3
69,98,26,1
69,98,32,13
69,98,35,4
69,98,36,17
69,98,38,6
69,98,52,1
69,98,97,2
69,98,98,18
69,98,99,1
70,00,00,6
70,00,01,22
70,00,03,40
70,00,04,122
70,00,06,49
70,00,07,176
70,00,08,66
70,00,09,30
70,00,10,72
70,00,12,5
70,00,13,3
70,00,15,5
70,00,16,51
70,00,17,42
70,00,18,4
70,00,19,121
70,00,20,22
70,00,21,94
70,00,23,47
70,00,24,66
70,00,25,23
70,00,26,339
70,00,27,51
70,00,28,1109
70,00,30,23
70,00,31,12
70,00,32,32
70,00,33,41
70,00,35,123
70,00,36,71
70,00,38,65
70,00,39,199
70,00,40,2
70,00,46,1
70,00,47,2
70,00,49,1
70,00,50,4
70,00,52,2
70,00,53,1
70,00,55,1
70,00,58,2
70,00,59,7
70,00,60,12
70,00,67,57
70,00,96,58
70,00,97,17
70,00,98,37
70,00,99,10
70,01,01,4
70,01,10,2
70,01,24,1
70,01,25,1
70,01,36,2
70,01,38,2
70,01,39,1
70,01,96,1
70,03,03,8
70,03,07,2
70,03,08,2
70,03,10,1
70,03,13,2
70,03,16,1
70,03,17,2
70,03,19,1
70,03,23,1
70,03,24,1
70,03,25,7
70,03,26,3
70,03,28,12
70,03,31,2
70,03,35,2
70,03,36,1
70,03,38,2
70,03,39,8
70,03,58,1
70,03,60,2
70,03,67,1
70,03,99,1
70,04,04,1
70,04,07,1
70,04,17,1
70,04,26,4
70,04,28,3
70,04,67,1
70,06,00,1
70,06,06,21
70,06,07,4
70,06,08,1
70,06,10,3
70,06,13,1
70,06,19,1
70,06,20,2
70,06,21,3
70,06,23,5
70,06,24,1
70,06,25,1
70,06,26,1
70,06,27,1
70,06,28,11
70,06,30,1
70,06,31,1
70,06,32,1
70,06,35,9
70,06,38,22
70,06,39,3
70,06,62,3
70,06,67,1
70,06,96,5
70,06,97,8
70,06,98,1
70,06,99,1
70,07,00,2
70,07,03,3
70,07,04,1
70,07,06,11
70,07,07,191
70,07,08,4
70,07,09,1
70,07,10,11
70,07,16,17
70,07,20,2
70,07,23,3
70,07,24,13
70,07,25,1
70,07,26,18
70,07,27,2
70,07,28,59
70,07,30,9
70,07,31,4
70,07,32,1
70,07,33,1
70,07,35,21
70,07,38,7
70,07,39,3
70,07,49,2
70,07,60,3
70,07,62,1
70,07,67,6
70,07,96,3
70,07,97,2
70,07,98,2
70,07,99,1
70,08,03,2
70,08,04,9
70,08,06,2
70,08,07,4
70,08,08,13
70,08,10,2
70,08,16,3
70,08,17,17
70,08,21,1
70,08,23,1
70,08,26,7
70,08,27,1
70,08,28,8
70,08,30,1
70,08,31,2
70,08,35,3
70,08,38,2
70,08,39,10
70,08,47,2
70,08,67,1
70,08,97,1
70,08,98,2
70,09,07,1
70,09,09,8
70,09,20,1
70,09,21,1
70,09,23,2
70,09,28,3
70,09,32,5
70,09,38,1
70,09,60,1
70,09,67,1
70,09,98,1
70,09,99,1
70,10,00,2
70,10,01,1
70,10,03,4
70,10,04,2
70,10,06,5
70,10,07,10
70,10,08,1
70,10,10,58
70,10,16,9
70,10,17,3
70,10,19,3
70,10,20,1
70,10,21,1
70,10,23,1
70,10,24,2
70,10,26,13
70,10,27,2
70,10,28,23
70,10,31,2
70,10,32,1
70,10,35,11
70,10,38,4
70,10,39,4
70,10,60,2
70,10,67,6
70,10,96,9
70,10,98,1
70,10,99,1
70,12,04,1
70,12,25,1
70,12,30,3
70,12,35,1
70,13,03,3
70,13,06,1
70,13,07,1
70,13,17,1
70,13,25,1
70,13,35,1
70,13,97,1
70,13,98,1
70,15,19,2
70,15,96,1
70,16,03,2
70,16,04,3
70,16,06,5
70,16,07,8
70,16,10,2
70,16,16,14
70,16,17,5
70,16,23,1
70,16,24,4
70,16,25,1
70,16,26,3
70,16,28,12
70,16,30,4
70,16,31,3
70,16,32,1
70,16,35,15
70,16,36,1
70,16,38,2
70,16,39,1
70,16,48,1
70,16,60,3
70,16,67,2
70,17,00,2
70,17,03,3
70,17,04,3
70,17,07,2
70,17,08,3
70,17,10,2
70,17,17,10
70,17,19,1
70,17,20,1
70,17,24,5
70,17,25,3
70,17,26,9
70,17,27,3
70,17,28,5
70,17,31,3
70,17,35,1
70,17,38,1
70,17,39,5
70,17,40,1
70,17,47,1
70,18,27,2
70,18,28,1
70,18,33,1
70,19,09,1
70,19,10,2
70,19,16,1
70,19,19,9
70,19,21,11
70,19,26,1
70,19,27,4
70,19,28,4
70,19,31,1
70,19,33,4
70,19,35,1
70,19,36,2
70,19,39,2
70,19,60,2
70,19,67,1
70,19,96,1
70,19,97,1
70,19,99,1
70,20,07,1
70,20,09,1
70,20,10,1
70,20,20,3
70,20,21,1
70,20,23,1
70,20,26,2
70,20,28,1
70,20,32,4
70,20,35,5
70,20,36,1
70,20,38,1
70,20,39,1
70,20,60,1
70,20,98,5
70,21,09,1
70,21,10,1
70,21,16,2
70,21,17,2
70,21,19,17
70,21,21,18
70,21,23,2
70,21,24,1
70,21,26,1
70,21,27,7
70,21,28,20
70,21,32,2
70,21,33,2
70,21,35,4
70,21,38,1
70,21,60,1
70,21,67,5
70,21,96,3
70,23,06,7
70,23,07,2
70,23,08,1
70,23,09,1
70,23,10,3
70,23,15,2
70,23,16,4
70,23,20,1
70,23,21,1
70,23,23,29
70,23,24,1
70,23,25,1
70,23,26,4
70,23,27,2
70,23,28,4
70,23,31,2
70,23,32,3
70,23,33,1
70,23,35,7
70,23,36,3
70,23,38,1
70,23,52,1
70,23,60,1
70,23,62,1
70,23,67,3
70,23,96,1
70,23,97,1
70,23,98,2
70,24,03,3
70,24,04,1
70,24,06,1
70,24,07,6
70,24,08,2
70,24,10,8
70,24,16,5
70,24,20,1
70,24,21,2
70,24,24,16
70,24,25,1
70,24,26,6
70,24,28,14
70,24,30,1
70,24,31,4
70,24,32,2
70,24,35,9
70,24,38,2
70,24,39,3
70,24,67,1
70,24,98,1
70,24,99,1
70,25,03,4
70,25,04,1
70,25,06,1
70,25,07,2
70,25,08,5
70,25,10,2
70,25,13,1
70,25,16,1
70,25,19,2
70,25,24,1
70,25,25,5
70,25,26,3
70,25,28,4
70,25,31,5
70,25,35,2
70,25,39,4
70,25,99,2
70,26,00,3
70,26,01,3
70,26,03,10
70,26,04,65
70,26,06,1
70,26,07,25
70,26,08,12
70,26,10,14
70,26,16,3
70,26,17,13
70,26,19,7
70,26,21,2
70,26,23,2
70,26,24,28
70,26,25,3
70,26,26,196
70,26,27,5
70,26,28,76
70,26,31,3
70,26,32,3
70,26,35,16
70,26,38,5
70,26,39,21
70,26,40,10
70,26,46,1
70,26,59,2
70,26,60,4
70,26,67,14
70,26,96,5
70,26,97,1
70,26,98,1
70,26,99,1
70,27,00,1
70,27,03,6
70,27,07,2
70,27,08,1
70,27,10,7
70,27,15,1
70,27,17,1
70,27,18,3
70,27,19,8
70,27,21,3
70,27,26,1
70,27,27,9
70,27,28,3
70,27,33,5
70,27,38,1
70,27,60,4
70,27,67,1
70,27,96,1
70,28,00,5
70,28,01,3
70,28,03,5
70,28,04,34
70,28,06,9
70,28,07,84
70,28,08,11
70,28,09,1
70,28,10,21
70,28,13,3
70,28,16,19
70,28,17,3
70,28,19,6
70,28,20,1
70,28,21,20
70,28,22,1
70,28,23,5
70,28,24,29
70,28,25,6
70,28,26,92
70,28,27,8
70,28,28,906
70,28,30,1
70,28,31,5
70,28,32,10
70,28,33,3
70,28,35,34
70,28,36,4
70,28,38,12
70,28,39,29
70,28,48,4
70,28,51,2
70,28,53,1
70,28,60,29
70,28,62,2
70,28,67,62
70,28,96,4
70,28,97,3
70,28,98,1
70,28,99,2
70,30,06,2
70,30,09,1
70,30,16,2
70,30,24,3
70,30,25,1
70,30,26,1
70,30,30,3
70,30,38,3
70,30,97,2
70,30,98,2
70,30,99,2
70,31,01,1
70,31,03,6
70,31,07,1
70,31,08,1
70,31,10,2
70,31,12,1
70,31,15,1
70,31,16,3
70,31,17,2
70,31,24,6
70,31,25,2
70,31,28,2
70,31,30,1
70,31,31,6
70,31,32,1
70,31,36,1
70,31,39,2
70,31,67,5
70,31,96,1
70,32,00,4
70,32,06,2
70,32,08,1
70,32,09,1
70,32,19,6
70,32,20,7
70,32,21,2
70,32,23,4
70,32,24,2
70,32,26,3
70,32,28,11
70,32,31,1
70,32,32,11
70,32,35,1
70,32,36,3
70,32,38,2
70,32,60,1
70,32,96,1
70,32,97,3
70,32,98,4
70,33,03,1
70,33,17,1
70,33,19,5
70,33,21,1
70,33,27,2
70,33,28,1
70,33,33,12
70,33,60,1
70,33,96,2
70,35,00,1
70,35,01,2
70,35,03,6
70,35,06,15
70,35,07,42
70,35,08,1
70,35,09,10
70,35,10,14
70,35,15,1
70,35,16,10
70,35,17,3
70,35,19,4
70,35,20,1
70,35,23,8
70,35,24,6
70,35,25,3
70,35,26,15
70,35,27,1
70,35,28,27
70,35,30,6
70,35,31,2
70,35,32,3
70,35,33,1
70,35,35,140
70,35,36,1
70,35,38,22
70,35,39,18
70,35,67,5
70,35,96,4
70,35,97,6
70,35,98,9
70,35,99,4
70,36,00,2
70,36,06,2
70,36,07,2
70,36,17,2
70,36,20,1
70,36,23,2
70,36,32,1
70,36,36,41
70,36,38,3
70,36,39,2
70,36,60,1
70,36,67,3
70,36,98,16
70,38,00,2
70,38,01,4
70,38,04,1
70,38,06,19
70,38,07,18
70,38,09,2
70,38,10,11
70,38,16,2
70,38,17,4
70,38,20,1
70,38,21,1
70,38,23,2
70,38,24,3
70,38,25,3
70,38,26,3
70,38,27,1
70,38,28,24
70,38,30,2
70,38,31,2
70,38,32,7
70,38,35,22
70,38,36,3
70,38,38,41
70,38,39,7
70,38,60,2
70,38,67,2
70,38,96,2
70,38,97,3
70,38,98,3
70,39,03,12
70,39,04,13
70,39,06,1
70,39,07,9
70,39,08,13
70,39,10,1
70,39,13,1
70,39,16,8
70,39,17,16
70,39,19,1
70,39,21,2
70,39,23,3
70,39,24,9
70,39,25,16
70,39,26,31
70,39,27,1
70,39,28,35
70,39,30,1
70,39,31,6
70,39,35,8
70,39,38,2
70,39,39,148
70,39,58,1
70,39,60,6
70,39,67,8
70,39,96,3
70,39,99,1
70,40,04,1
70,40,10,2
70,40,24,4
70,40,25,1
70,40,26,12
70,40,28,4
70,40,31,1
70,40,35,1
70,40,67,2
70,46,04,4
70,46,26,1
70,47,04,1
70,47,08,4
70,47,17,2
70,47,26,2
70,48,24,1
70,49,04,2
70,49,07,1
70,49,28,2
70,52,98,1
70,53,07,1
70,54,26,2
70,54,60,1
70,59,04,1
70,59,08,1
70,59,09,2
70,59,25,1
70,59,26,3
70,60,04,2
70,60,06,1
70,60,07,1
70,60,10,5
70,60,16,1
70,60,21,1
70,60,26,1
70,60,27,1
70,60,28,5
70,60,33,1
70,60,39,2
70,60,67,1
70,62,06,2
70,62,28,1
70,62,32,2
70,67,00,19
70,67,01,1
70,67,04,5
70,67,06,1
70,67,07,4
70,67,08,3
70,67,10,3
70,67,16,1
70,67,19,1
70,67,21,5
70,67,23,3
70,67,24,1
70,67,26,2
70,67,27,3
70,67,28,42
70,67,31,2
70,67,32,2
70,67,35,2
70,67,38,1
70,67,39,6
70,67,67,7
70,96,01,3
70,96,07,2
70,96,10,11
70,96,19,2
70,96,21,3
70,96,23,1
70,96,24,2
70,96,26,3
70,96,27,3
70,96,28,5
70,96,30,3
70,96,31,1
70,96,33,2
70,96,35,4
70,96,39,1
70,96,60,3
70,96,96,15
70,97,06,7
70,97,07,1
70,97,08,2
70,97,09,1
70,97,10,1
70,97,17,1
70,97,19,1
70,97,20,1
70,97,23,2
70,97,26,2
70,97,32,2
70,97,35,2
70,97,38,3
70,97,62,1
70,97,67,1
70,97,97,2
70,97,98,2
70,98,00,1
70,98,06,2
70,98,07,1
70,98,10,4
70,98,20,4
70,98,23,3
70,98,24,4
70,98,28,3
70,98,30,1
70,98,32,6
70,98,35,4
70,98,36,24
70,98,38,2
70,98,39,1
70,98,67,1
70,98,97,2
70,98,98,22
70,99,03,4
70,99,07,2
70,99,16,1
70,99,17,1
70,99,24,1
70,99,25,1
70,99,26,1
70,99,30,1
70,99,35,5
71,00,01,28
71,00,03,24
71,00,04,178
71,00,06,42
71,00,07,149
71,00,08,57
71,00,09,28
71,00,10,68
71,00,13,4
71,00,15,18
71,00,16,36
71,00,17,37
71,00,18,5
71,00,19,103
71,00,20,19
71,00,21,100
71,00,22,3
71,00,23,47
71,00,24,44
71,00,25,20
71,00,26,325
71,00,27,52
71,00,28,1017
71,00,30,8
71,00,31,22
71,00,32,50
71,00,33,38
71,00,35,133
71,00,36,59
71,00,38,48
71,00,39,215
71,00,40,1
71,00,47,1
71,00,50,3
71,00,51,2
71,00,53,4
71,00,54,1
71,00,55,4
71,00,60,37
71,00,62,3
71,00,67,40
71,00,96,44
71,00,97,11
71,00,98,32
71,00,99,10
71,01,01,7
71,01,07,1
71,01,10,2
71,01,19,1
71,01,26,1
71,01,31,5
71,01,60,1
71,01,63,1
71,01,67,1
71,01,96,1
71,03,03,18
71,03,06,3
71,03,08,1
71,03,09,2
71,03,16,1
71,03,19,1
71,03,23,1
71,03,25,2
71,03,26,5
71,03,27,1
71,03,28,7
71,03,30,1
71,03,31,2
71,03,35,1
71,03,38,1
71,03,39,10
71,03,60,3
71,03,97,1
71,04,04,21
71,04,07,2
71,04,08,3
71,04,10,3
71,04,17,5
71,04,19,1
71,04,26,64
71,04,28,41
71,04,32,1
71,04,35,3
71,04,36,2
71,04,38,5
71,04,39,12
71,04,40,2
71,04,46,1
71,04,47,1
71,04,49,3
71,04,60,1
71,04,67,9
71,04,96,1
71,06,01,2
71,06,03,1
71,06,06,19
71,06,07,7
71,06,08,2
71,06,09,1
71,06,10,1
71,06,12,1
71,06,13,1
71,06,16,1
71,06,17,1
71,06,20,1
71,06,23,4
71,06,24,5
71,06,25,3
71,06,28,6
71,06,30,5
71,06,31,1
71,06,32,2
71,06,35,15
71,06,36,1
71,06,38,17
71,06,39,3
71,06,55,1
71,06,60,1
71,06,62,1
71,06,67,1
71,06,97,2
71,06,98,1
71,07,04,1
71,07,06,4
71,07,07,174
71,07,08,4
71,07,09,2
71,07,10,10
71,07,16,9
71,07,17,1
71,07,19,1
71,07,21,1
71,07,23,1
71,07,24,8
71,07,25,3
71,07,26,9
71,07,27,4
71,07,28,66
71,07,30,4
71,07,31,5
71,07,32,1
71,07,33,2
71,07,35,29
71,07,36,4
71,07,38,12
71,07,39,7
71,07,49,4
71,07,60,1
71,07,67,4
71,07,96,1
71,07,97,2
71,07,98,5
71,07,99,3
71,08,03,4
71,08,04,4
71,08,06,1
71,08,08,17
71,08,17,7
71,08,23,3
71,08,24,3
71,08,25,3
71,08,26,15
71,08,28,11
71,08,31,3
71,08,35,1
71,08,36,3
71,08,38,1
71,08,39,3
71,08,47,2
71,08,58,1
71,08,60,1
71,08,67,3
71,08,97,3
71,09,09,8
71,09,15,1
71,09,20,2
71,09,26,1
71,09,35,6
71,09,38,2
71,09,39,2
71,09,60,1
71,10,01,6
71,10,03,1
71,10,04,1
71,10,06,7
71,10,07,12
71,10,08,7
71,10,10,40
71,10,13,2
71,10,15,1
71,10,16,1
71,10,17,5
71,10,19,2
71,10,20,1
71,10,21,2
71,10,24,5
71,10,25,7
71,10,26,22
71,10,27,3
71,10,28,25
71,10,31,2
71,10,32,1
71,10,35,11
71,10,36,1
71,10,38,4
71,10,39,3
71,10,54,1
71,10,60,4
71,10,67,2
71,10,96,20
71,10,97,2
71,10,98,1
71,10,99,1
71,12,24,2
71,13,03,1
71,13,07,2
71,13,12,1
71,13,13,2
71,13,31,2
71,16,03,3
71,16,04,3
71,16,06,2
71,16,07,17
71,16,08,1
71,16,10,1
71,16,12,1
71,16,13,1
71,16,16,21
71,16,17,3
71,16,19,2
71,16,23,4
71,16,24,4
71,16,25,2
71,16,26,6
71,16,27,1
71,16,28,20
71,16,30,4
71,16,31,7
71,16,32,1
71,16,35,4
71,16,36,2
71,16,38,5
71,16,39,8
71,16,48,1
71,16,67,1
71,16,97,1
71,16,98,1
71,16,99,3
71,17,01,1
71,17,03,9
71,17,04,1
71,17,06,1
71,17,07,4
71,17,08,7
71,17,10,8
71,17,16,8
71,17,17,13
71,17,19,1
71,17,20,1
71,17,24,4
71,17,25,2
71,17,26,12
71,17,28,4
71,17,30,1
71,17,31,2
71,17,32,2
71,17,35,2
71,17,39,7
71,17,60,2
71,17,63,2
71,17,67,1
71,17,98,1
71,18,96,1
71,19,01,1
71,19,03,2
71,19,04,1
71,19,08,1
71,19,16,1
71,19,19,14
71,19,21,6
71,19,23,1
71,19,25,1
71,19,27,6
71,19,28,4
71,19,31,1
71,19,33,1
71,19,39,1
71,19,60,3
71,19,67,1
71,19,96,3
71,19,98,1
71,20,03,1
71,20,07,1
71,20,09,1
71,20,19,1
71,20,20,7
71,20,22,1
71,20,23,1
71,20,32,2
71,20,35,2
71,20,36,3
71,20,38,2
71,20,98,8
71,21,01,1
71,21,04,2
71,21,07,1
71,21,19,18
71,21,20,1
71,21,21,17
71,21,23,6
71,21,26,4
71,21,27,6
71,21,28,19
71,21,31,1
71,21,32,1
71,21,33,2
71,21,35,4
71,21,38,3
71,21,60,5
71,21,67,2
71,22,20,1
71,22,35,2
71,23,03,1
71,23,06,1
71,23,07,3
71,23,08,2
71,23,09,5
71,23,10,3
71,23,12,2
71,23,13,1
71,23,16,3
71,23,17,2
71,23,23,27
71,23,24,4
71,23,25,4
71,23,26,2
71,23,28,13
71,23,32,1
71,23,35,13
71,23,36,2
71,23,38,3
71,23,52,1
71,23,60,1
71,23,67,3
71,23,97,1
71,24,04,3
71,24,07,7
71,24,10,1
71,24,13,1
71,24,16,5
71,24,17,6
71,24,19,1
71,24,20,3
71,24,24,14
71,24,25,1
71,24,26,7
71,24,28,17
71,24,30,2
71,24,31,1
71,24,33,2
71,24,35,5
71,24,36,1
71,24,38,2
71,24,39,2
71,24,60,1
71,24,61,1
71,24,96,7
71,24,98,1
71,24,99,1
71,25,03,3
71,25,06,1
71,25,07,1
71,25,08,2
71,25,10,4
71,25,16,1
71,25,17,2
71,25,21,2
71,25,23,2
71,25,24,1
71,25,25,5
71,25,26,5
71,25,28,5
71,25,31,3
71,25,35,4
71,25,38,1
71,25,39,6
71,25,58,1
71,25,59,1
71,25,99,2
71,26,03,6
71,26,04,65
71,26,06,4
71,26,07,15
71,26,08,8
71,26,09,1
71,26,10,17
71,26,16,4
71,26,17,22
71,26,21,5
71,26,23,7
71,26,24,10
71,26,25,6
71,26,26,208
71,26,27,2
71,26,28,105
71,26,31,1
71,26,35,16
71,26,36,1
71,26,38,6
71,26,39,18
71,26,40,9
71,26,47,1
71,26,54,3
71,26,59,2
71,26,60,2
71,26,63,1
71,26,67,15
71,26,96,8
71,26,97,1
71,26,99,1
71,27,01,1
71,27,04,1
71,27,19,3
71,27,21,5
71,27,24,2
71,27,26,3
71,27,27,19
71,27,28,3
71,27,32,4
71,27,35,3
71,27,36,1
71,27,38,1
71,27,60,1
71,27,67,5
71,27,96,2
71,28,01,1
71,28,03,4
71,28,04,57
71,28,06,6
71,28,07,80
71,28,08,17
71,28,09,4
71,28,10,43
71,28,12,1
71,28,16,13
71,28,17,7
71,28,19,3
71,28,21,9
71,28,23,15
71,28,24,16
71,28,25,5
71,28,26,88
71,28,27,4
71,28,28,787
71,28,30,1
71,28,31,11
71,28,32,9
71,28,33,1
71,28,35,30
71,28,36,4
71,28,38,13
71,28,39,57
71,28,46,1
71,28,49,10
71,28,51,1
71,28,53,1
71,28,59,1
71,28,60,27
71,28,63,5
71,28,67,44
71,28,96,8
71,28,99,2
71,30,06,2
71,30,07,2
71,30,08,2
71,30,13,1
71,30,16,2
71,30,31,3
71,30,35,4
71,30,38,3
71,31,01,4
71,31,03,1
71,31,06,2
71,31,07,6
71,31,08,1
71,31,10,3
71,31,13,2
71,31,16,2
71,31,17,4
71,31,19,2
71,31,21,1
71,31,26,4
71,31,28,2
71,31,31,8
71,31,35,1
71,31,38,1
71,31,39,2
71,31,67,4
71,31,99,2
71,32,04,1
71,32,06,2
71,32,07,4
71,32,08,1
71,32,09,1
71,32,13,1
71,32,15,1
71,32,17,2
71,32,19,1
71,32,20,3
71,32,21,2
71,32,22,1
71,32,23,3
71,32,26,2
71,32,28,7
71,32,32,10
71,32,36,2
71,32,38,3
71,32,60,2
71,32,67,2
71,32,96,1
71,32,98,5
71,35,03,3
71,35,06,12
71,35,07,40
71,35,08,4
71,35,09,9
71,35,10,8
71,35,15,1
71,35,16,6
71,35,17,1
71,35,19,1
71,35,20,4
71,35,21,3
71,35,23,4
71,35,24,5
71,35,25,2
71,35,26,12
71,35,28,31
71,35,30,3
71,35,31,4
71,35,32,4
71,35,35,131
71,35,36,1
71,35,38,41
71,35,39,4
71,35,60,2
71,35,63,2
71,35,67,5
71,35,96,3
71,35,97,4
71,35,98,2
71,36,03,1
71,36,06,2
71,36,07,2
71,36,17,1
71,36,23,1
71,36,24,1
71,36,26,1
71,36,27,1
71,36,32,2
71,36,35,4
71,36,36,30
71,36,38,2
71,36,67,1
71,36,96,1
71,36,97,4
71,36,98,16
71,38,03,1
71,38,04,3
71,38,06,29
71,38,07,5
71,38,10,2
71,38,16,6
71,38,20,11
71,38,23,6
71,38,24,3
71,38,25,3
71,38,26,10
71,38,27,1
71,38,28,20
71,38,31,3
71,38,32,3
71,38,35,28
71,38,36,2
71,38,38,53
71,38,39,1
71,38,52,1
71,38,60,1
71,38,67,5
71,38,96,2
71,38,97,2
71,38,98,1
71,39,03,14
71,39,04,10
71,39,06,1
71,39,07,12
71,39,08,13
71,39,09,1
71,39,10,5
71,39,13,1
71,39,16,1
71,39,17,13
71,39,19,3
71,39,20,2
71,39,21,2
71,39,24,5
71,39,25,8
71,39,26,22
71,39,27,4
71,39,28,41
71,39,31,4
71,39,35,7
71,39,36,6
71,39,39,163
71,39,60,2
71,39,67,6
71,39,96,2
71,39,98,1
71,39,99,1
71,40,03,1
71,40,04,10
71,40,07,2
71,40,10,1
71,40,17,1
71,40,23,1
71,40,24,3
71,40,26,15
71,40,28,3
71,40,31,1
71,40,39,1
71,40,60,2
71,40,63,2
71,46,04,4
71,46,28,2
71,47,08,2
71,47,17,1
71,47,26,2
71,48,07,1
71,49,04,3
71,49,24,1
71,49,28,5
71,49,39,1
71,49,60,2
71,50,01,1
71,50,28,1
71,52,21,1
71,52,55,1
71,52,98,1
71,53,04,1
71,53,24,1
71,53,26,2
71,54,04,2
71,54,26,2
71,54,38,1
71,55,06,1
71,55,15,1
71,55,23,1
71,55,36,1
71,55,97,1
71,58,17,1
71,58,25,1
71,58,39,2
71,59,24,1
71,59,31,1
71,60,03,1
71,60,04,1
71,60,16,1
71,60,19,1
71,60,24,1
71,60,26,2
71,60,27,1
71,60,28,7
71,60,33,1
71,60,39,2
71,60,67,2
71,62,06,2
71,62,09,1
71,62,28,1
71,62,38,1
71,62,97,2
71,62,99,1
71,63,04,6
71,63,06,1
71,63,08,1
71,63,24,1
71,63,28,6
71,63,40,1
71,67,01,1
71,67,04,3
71,67,06,2
71,67,07,4
71,67,08,1
71,67,10,1
71,67,16,2
71,67,17,1
71,67,19,1
71,67,26,5
71,67,27,4
71,67,28,34
71,67,31,4
71,67,35,3
71,67,36,2
71,67,39,2
71,96,04,3
71,96,07,3
71,96,10,10
71,96,16,1
71,96,18,2
71,96,19,1
71,96,21,7
71,96,23,2
71,96,26,12
71,96,27,2
71,96,28,7
71,96,33,4
71,96,35,7
71,96,38,3
71,96,60,1
71,96,63,1
71,96,67,1
71,96,96,27
71,97,06,5
71,97,07,4
71,97,09,1
71,97,16,2
71,97,17,1
71,97,19,1
71,97,23,1
71,97,28,3
71,97,35,6
71,97,38,4
71,97,39,1
71,97,52,1
71,97,97,3
71,97,98,3
71,98,06,2
71,98,07,3
71,98,08,2
71,98,16,3
71,98,19,1
71,98,20,2
71,98,23,4
71,98,24,3
71,98,28,2
71,98,32,10
71,98,35,1
71,98,36,14
71,98,38,2
71,98,39,2
71,98,97,2
71,98,98,20
71,99,03,1
71,99,07,2
71,99,19,1
71,99,24,1
71,99,25,1
71,99,26,1
71,99,31,4
71,99,33,1
71,99,35,1
71,99,39,2
71,99,67,1
72,00,01,36
72,00,03,25
72,00,04,166
72,00,06,33
72,00,07,164
72,00,08,53
72,00,09,26
72,00,10,72
72,00,12,1
72,00,13,4
72,00,15,20
72,00,16,40
72,00,17,63
72,00,18,3
72,00,19,94
72,00,20,12
72,00,21,90
72,00,22,2
72,00,23,46
72,00,24,49
72,00,25,28
72,00,26,259
72,00,27,57
72,00,28,987
72,00,30,10
72,00,31,19
72,00,32,50
72,00,33,44
72,00,35,98
72,00,36,56
72,00,38,66
72,00,39,218
72,00,40,2
72,00,47,2
72,00,48,1
72,00,50,1
72,00,60,5
72,00,62,1
72,00,63,1
72,00,67,39
72,00,96,47
72,00,97,18
72,00,98,50
72,00,99,11
72,01,01,5
72,01,08,1
72,01,09,1
72,01,10,6
72,01,16,2
72,01,33,1
72,01,96,1
72,03,01,1
72,03,03,12
72,03,07,3
72,03,10,1
72,03,13,1
72,03,17,12
72,03,19,2
72,03,24,2
72,03,25,3
72,03,26,8
72,03,28,2
72,03,30,1
72,03,31,2
72,03,33,4
72,03,35,4
72,03,36,1
72,03,38,1
72,03,39,8
72,03,58,1
72,03,63,1
72,03,67,1
72,03,97,1
72,03,99,2
72,04,03,1
72,04,04,11
72,04,06,1
72,04,07,1
72,04,08,3
72,04,10,4
72,04,21,3
72,04,24,2
72,04,26,56
72,04,27,2
72,04,28,41
72,04,35,6
72,04,39,7
72,04,40,1
72,04,46,1
72,04,53,1
72,04,67,3
72,04,98,1
72,06,01,1
72,06,03,3
72,06,06,14
72,06,07,8
72,06,08,1
72,06,09,3
72,06,10,1
72,06,16,1
72,06,20,2
72,06,21,1
72,06,23,3
72,06,24,3
72,06,25,1
72,06,26,2
72,06,27,2
72,06,28,10
72,06,30,5
72,06,31,1
72,06,32,1
72,06,33,2
72,06,35,9
72,06,36,1
72,06,38,17
72,06,39,2
72,06,60,1
72,06,62,1
72,06,67,5
72,06,97,8
72,06,98,6
72,06,99,1
72,07,01,1
72,07,03,1
72,07,04,4
72,07,06,6
72,07,07,141
72,07,08,5
72,07,09,1
72,07,10,3
72,07,13,1
72,07,16,12
72,07,17,2
72,07,20,2
72,07,21,1
72,07,23,1
72,07,24,9
72,07,25,1
72,07,26,12
72,07,28,62
72,07,30,4
72,07,31,9
72,07,32,2
72,07,35,29
72,07,38,11
72,07,39,5
72,07,40,1
72,07,60,1
72,07,63,4
72,07,67,6
72,07,96,4
72,07,98,2
72,08,01,1
72,08,03,2
72,08,04,11
72,08,06,2
72,08,07,7
72,08,08,17
72,08,09,1
72,08,16,1
72,08,17,6
72,08,19,1
72,08,20,2
72,08,23,1
72,08,24,2
72,08,25,3
72,08,26,4
72,08,27,1
72,08,28,7
72,08,31,1
72,08,35,2
72,08,39,8
72,08,60,2
72,08,67,3
72,08,96,2
72,09,03,1
72,09,07,2
72,09,09,4
72,09,10,3
72,09,23,4
72,09,32,3
72,09,35,1
72,09,38,3
72,09,97,1
72,10,01,2
72,10,03,2
72,10,04,1
72,10,07,8
72,10,08,2
72,10,09,2
72,10,10,40
72,10,16,4
72,10,17,1
72,10,18,1
72,10,23,1
72,10,24,2
72,10,25,1
72,10,26,20
72,10,27,1
72,10,28,30
72,10,30,1
72,10,31,2
72,10,33,2
72,10,35,7
72,10,38,2
72,10,39,7
72,10,48,1
72,10,60,4
72,10,63,1
72,10,67,2
72,10,96,12
72,10,98,2
72,10,99,1
72,12,04,2
72,12,06,4
72,12,26,3
72,12,30,3
72,12,38,1
72,12,39,1
72,13,03,2
72,13,07,1
72,13,08,4
72,13,13,2
72,13,16,1
72,13,17,1
72,13,28,3
72,13,30,1
72,13,35,1
72,15,35,1
72,16,03,2
72,16,06,2
72,16,07,18
72,16,08,1
72,16,09,1
72,16,10,4
72,16,16,15
72,16,20,1
72,16,23,2
72,16,24,8
72,16,26,3
72,16,27,1
72,16,28,11
72,16,31,4
72,16,32,6
72,16,35,5
72,16,38,4
72,16,39,1
72,16,67,4
72,16,96,2
72,16,97,1
72,16,98,2
72,17,03,5
72,17,04,5
72,17,06,2
72,17,07,3
72,17,08,8
72,17,10,6
72,17,16,1
72,17,17,25
72,17,24,3
72,17,25,1
72,17,26,16
72,17,28,4
72,17,31,2
72,17,32,1
72,17,35,10
72,17,38,1
72,17,39,15
72,17,40,1
72,17,67,1
72,17,96,1
72,18,21,1
72,19,03,2
72,19,06,3
72,19,10,1
72,19,15,1
72,19,19,8
72,19,21,17
72,19,24,1
72,19,27,11
72,19,28,7
72,19,32,2
72,19,33,4
72,19,39,2
72,19,96,7
72,19,98,2
72,20,08,4
72,20,16,1
72,20,20,7
72,20,21,1
72,20,32,6
72,20,36,3
72,20,39,3
72,20,96,1
72,20,98,1
72,21,07,3
72,21,10,1
72,21,16,1
72,21,17,1
72,21,18,1
72,21,19,8
72,21,20,1
72,21,21,17
72,21,23,4
72,21,24,1
72,21,25,1
72,21,26,4
72,21,27,5
72,21,28,15
72,21,31,2
72,21,32,3
72,21,33,2
72,21,36,2
72,21,38,2
72,21,39,1
72,21,60,3
72,21,67,3
72,21,96,2
72,21,98,2
72,22,01,1
72,23,06,5
72,23,07,5
72,23,16,1
72,23,19,1
72,23,21,2
72,23,23,21
72,23,26,1
72,23,27,1
72,23,28,4
72,23,32,2
72,23,35,6
72,23,36,4
72,23,38,10
72,23,55,1
72,23,60,1
72,23,67,1
72,23,98,3
72,23,99,1
72,24,01,2
72,24,03,1
72,24,04,4
72,24,06,7
72,24,07,4
72,24,08,1
72,24,10,1
72,24,13,2
72,24,16,5
72,24,17,3
72,24,24,20
72,24,25,2
72,24,26,10
72,24,28,17
72,24,30,1
72,24,31,2
72,24,35,2
72,24,36,1
72,24,49,1
72,24,60,2
72,24,63,1
72,24,96,1
72,24,99,1
72,25,03,4
72,25,04,1
72,25,06,2
72,25,07,2
72,25,08,1
72,25,10,5
72,25,16,1
72,25,24,1
72,25,25,7
72,25,28,10
72,25,31,3
72,25,35,1
72,25,39,6
72,25,40,1
72,25,63,1
72,25,67,1
72,26,03,7
72,26,04,45
72,26,06,2
72,26,07,16
72,26,08,11
72,26,10,21
72,26,13,1
72,26,16,3
72,26,17,9
72,26,19,3
72,26,20,1
72,26,23,3
72,26,24,11
72,26,25,7
72,26,26,153
72,26,27,2
72,26,28,85
72,26,32,5
72,26,35,10
72,26,36,1
72,26,38,4
72,26,39,25
72,26,40,27
72,26,47,1
72,26,53,2
72,26,54,1
72,26,58,1
72,26,59,2
72,26,60,4
72,26,63,7
72,26,67,11
72,26,96,3
72,27,01,1
72,27,04,1
72,27,07,1
72,27,08,1
72,27,09,1
72,27,10,1
72,27,16,1
72,27,19,9
72,27,21,1
72,27,25,1
72,27,26,4
72,27,27,8
72,27,28,3
72,27,33,6
72,27,36,1
72,27,39,2
72,27,67,7
72,27,96,2
72,27,98,2
72,27,99,2
72,28,03,5
72,28,04,34
72,28,06,6
72,28,07,63
72,28,08,13
72,28,09,3
72,28,10,25
72,28,16,28
72,28,17,1
72,28,19,5
72,28,20,1
72,28,21,22
72,28,23,6
72,28,24,21
72,28,25,12
72,28,26,88
72,28,27,3
72,28,28,627
72,28,31,3
72,28,32,8
72,28,35,28
72,28,36,2
72,28,38,8
72,28,39,45
72,28,48,3
72,28,49,3
72,28,51,3
72,28,53,1
72,28,59,1
72,28,60,11
72,28,61,4
72,28,63,5
72,28,67,45
72,28,96,8
72,28,97,3
72,28,98,2
72,28,99,2
72,30,06,1
72,30,07,1
72,30,08,1
72,30,13,1
72,30,24,3
72,30,26,1
72,30,28,1
72,30,31,1
72,30,35,4
72,30,38,6
72,30,39,1
72,31,03,1
72,31,04,1
72,31,06,1
72,31,07,3
72,31,08,1
72,31,10,3
72,31,17,3
72,31,24,4
72,31,25,7
72,31,26,2
72,31,28,6
72,31,31,4
72,31,32,1
72,31,35,3
72,31,67,1
72,32,06,2
72,32,07,2
72,32,10,1
72,32,17,1
72,32,19,1
72,32,20,4
72,32,21,2
72,32,23,1
72,32,25,1
72,32,26,1
72,32,27,2
72,32,28,9
72,32,33,2
72,32,35,3
72,32,36,1
72,32,67,1
72,32,97,1
72,32,98,5
72,33,01,2
72,33,07,1
72,33,10,1
72,33,18,3
72,33,19,7
72,33,21,1
72,33,24,1
72,33,27,4
72,33,28,1
72,33,33,8
72,33,60,2
72,33,96,1
72,35,03,5
72,35,04,7
72,35,06,13
72,35,07,32
72,35,09,4
72,35,10,9
72,35,12,5
72,35,13,2
72,35,16,3
72,35,17,1
72,35,18,1
72,35,23,7
72,35,24,6
72,35,25,1
72,35,26,6
72,35,28,31
72,35,30,5
72,35,31,10
72,35,32,5
72,35,35,133
72,35,36,4
72,35,38,30
72,35,39,5
72,35,40,1
72,35,60,2
72,35,62,1
72,35,63,2
72,35,67,3
72,35,96,2
72,35,97,2
72,35,98,4
72,35,99,2
72,36,15,1
72,36,17,1
72,36,19,1
72,36,26,10
72,36,32,1
72,36,35,5
72,36,36,38
72,36,38,2
72,36,39,2
72,36,55,1
72,36,62,1
72,36,97,1
72,36,98,14
72,38,03,2
72,38,04,1
72,38,06,26
72,38,07,6
72,38,08,1
72,38,09,1
72,38,10,1
72,38,16,2
72,38,17,1
72,38,20,1
72,38,23,3
72,38,24,2
72,38,25,3
72,38,26,8
72,38,28,15
72,38,30,1
72,38,31,1
72,38,32,5
72,38,33,4
72,38,35,29
72,38,36,1
72,38,38,38
72,38,39,6
72,38,63,1
72,38,67,3
72,38,96,3
72,38,97,3
72,38,98,6
72,38,99,2
72,39,03,19
72,39,04,11
72,39,06,2
72,39,07,8
72,39,08,17
72,39,10,8
72,39,12,1
72,39,13,3
72,39,16,6
72,39,17,10
72,39,21,1
72,39,24,11
72,39,25,23
72,39,26,26
72,39,27,1
72,39,28,52
72,39,30,1
72,39,31,4
72,39,35,5
72,39,38,5
72,39,39,176
72,39,58,4
72,39,60,1
72,39,67,6
72,39,96,2
72,39,97,1
72,39,99,2
72,40,04,4
72,40,07,1
72,40,10,1
72,40,17,1
72,40,21,1
72,40,24,4
72,40,26,10
72,40,28,1
72,40,31,2
72,40,96,1
72,40,97,1
72,46,04,3
72,47,03,1
72,47,04,2
72,47,08,2
72,47,10,1
72,47,17,1
72,47,26,2
72,47,28,1
72,47,30,1
72,47,39,1
72,47,47,1
72,49,04,1
72,49,28,4
72,53,16,1
72,53,17,3
72,54,63,1
72,55,21,1
72,58,03,1
72,58,08,2
72,58,35,1
72,58,39,2
72,59,07,1
72,59,28,1
72,60,04,2
72,60,06,1
72,60,07,1
72,60,16,1
72,60,19,1
72,60,20,1
72,60,23,1
72,60,26,1
72,60,27,2
72,60,28,13
72,60,33,1
72,60,39,3
72,60,40,1
72,60,67,1
72,60,96,1
72,60,98,1
72,61,28,3
72,61,58,1
72,62,06,4
72,62,23,1
72,62,26,2
72,62,67,1
72,63,04,5
72,63,08,2
72,63,10,1
72,63,25,1
72,63,26,7
72,63,28,5
72,63,35,1
72,63,38,1
72,67,04,1
72,67,06,4
72,67,07,1
72,67,08,1
72,67,10,2
72,67,16,1
72,67,17,1
72,67,21,2
72,67,26,8
72,67,27,4
72,67,28,21
72,67,32,1
72,67,35,3
72,67,38,1
72,67,39,1
72,67,96,1
72,67,99,1
72,96,01,2
72,96,06,2
72,96,07,1
72,96,08,3
72,96,10,15
72,96,17,1
72,96,19,1
72,96,20,1
72,96,21,1
72,96,26,12
72,96,27,6
72,96,28,7
72,96,35,4
72,96,38,6
72,96,60,3
72,96,96,14
72,97,06,5
72,97,07,2
72,97,08,1
72,97,10,1
72,97,25,1
72,97,28,1
72,97,31,1
72,97,32,2
72,97,35,4
72,97,36,2
72,97,38,3
72,97,97,5
72,97,98,2
72,98,06,5
72,98,07,4
72,98,09,1
72,98,10,1
72,98,20,4
72,98,23,4
72,98,24,1
72,98,26,1
72,98,28,1
72,98,31,1
72,98,32,11
72,98,35,4
72,98,36,10
72,98,38,1
72,98,96,1
72,98,97,1
72,98,98,29
72,99,03,7
72,99,06,1
72,99,07,2
72,99,08,1
72,99,16,4
72,99,26,1
72,99,27,1
72,99,28,4
72,99,32,1
72,99,35,2
72,99,38,1
72,99,39,1
72,99,67,2
72,99,97,1
73,00,01,25
73,00,03,30
73,00,04,183
73,00,06,30
73,00,07,112
73,00,08,51
73,00,09,29
73,00,10,71
73,00,12,7
73,00,13,3
73,00,15,9
73,00,16,27
73,00,17,16
73,00,18,4
73,00,19,107
73,00,20,19
73,00,21,117
73,00,22,7
73,00,23,40
73,00,24,48
73,00,25,26
73,00,26,249
73,00,27,52
73,00,28,979
73,00,30,8
73,00,31,27
73,00,32,42
73,00,33,15
73,00,35,115
73,00,36,45
73,00,38,41
73,00,39,207
73,00,40,2
73,00,41,1
73,00,42,13
73,00,49,1
73,00,50,5
73,00,55,1
73,00,58,3
73,00,59,1
73,00,60,4
73,00,62,1
73,00,67,41
73,00,96,53
73,00,97,20
73,00,98,26
73,00,99,9
73,01,01,1
73,01,03,1
73,01,07,1
73,01,10,2
73,01,17,1
73,01,19,2
73,01,23,1
73,01,26,1
73,01,28,1
73,01,38,2
73,01,39,1
73,01,60,1
73,01,64,1
73,01,96,1
73,03,03,14
73,03,04,5
73,03,06,4
73,03,07,1
73,03,08,2
73,03,10,4
73,03,12,1
73,03,17,2
73,03,19,2
73,03,23,1
73,03,25,4
73,03,26,6
73,03,28,9
73,03,30,4
73,03,31,2
73,03,32,1
73,03,35,3
73,03,38,3
73,03,39,11
73,03,60,1
73,03,67,2
73,03,96,2
73,03,99,4
73,04,03,2
73,04,04,22
73,04,08,3
73,04,10,3
73,04,16,3
73,04,17,1
73,04,23,3
73,04,24,3
73,04,25,1
73,04,26,41
73,04,27,1
73,04,28,32
73,04,35,4
73,04,39,12
73,04,40,2
73,04,42,2
73,04,47,5
73,04,49,6
73,04,50,1
73,04,53,1
73,04,59,1
73,04,67,3
73,04,96,1
73,06,03,2
73,06,04,2
73,06,06,8
73,06,07,3
73,06,09,1
73,06,10,2
73,06,13,1
73,06,19,3
73,06,20,1
73,06,23,4
73,06,24,1
73,06,25,3
73,06,26,2
73,06,28,6
73,06,30,4
73,06,31,3
73,06,32,1
73,06,35,8
73,06,36,2
73,06,38,21
73,06,39,6
73,06,40,1
73,06,52,1
73,06,67,4
73,06,96,1
73,06,97,9
73,06,99,1
73,07,01,1
73,07,03,2
73,07,04,1
73,07,06,2
73,07,07,133
73,07,10,8
73,07,13,3
73,07,16,13
73,07,17,4
73,07,19,4
73,07,20,1
73,07,23,7
73,07,24,8
73,07,25,1
73,07,26,8
73,07,27,2
73,07,28,44
73,07,31,5
73,07,32,2
73,07,35,13
73,07,36,3
73,07,38,11
73,07,39,9
73,07,51,1
73,07,60,3
73,07,64,1
73,07,67,4
73,07,96,1
73,07,98,2
73,07,99,1
73,08,03,1
73,08,04,6
73,08,06,2
73,08,08,29
73,08,09,1
73,08,10,2
73,08,12,1
73,08,16,1
73,08,17,3
73,08,23,2
73,08,24,1
73,08,25,5
73,08,26,11
73,08,28,1
73,08,31,1
73,08,33,1
73,08,39,7
73,08,42,1
73,08,47,2
73,08,53,1
73,08,60,1
73,08,64,1
73,08,67,3
73,08,96,1
73,08,97,1
73,08,99,1
73,09,06,1
73,09,07,1
73,09,09,7
73,09,23,2
73,09,24,1
73,09,26,1
73,09,60,1
73,09,98,1
73,10,01,5
73,10,03,3
73,10,04,7
73,10,07,6
73,10,10,53
73,10,16,4
73,10,17,2
73,10,21,1
73,10,24,3
73,10,25,4
73,10,26,27
73,10,27,1
73,10,28,20
73,10,31,2
73,10,32,2
73,10,33,1
73,10,35,6
73,10,38,4
73,10,39,6
73,10,42,1
73,10,49,1
73,10,60,3
73,10,64,1
73,10,67,5
73,10,96,10
73,10,97,1
73,10,98,2
73,10,99,3
73,12,03,1
73,12,06,1
73,12,26,4
73,12,98,1
73,13,03,5
73,13,07,1
73,13,12,1
73,13,30,2
73,13,39,1
73,15,13,1
73,15,28,1
73,15,98,1
73,16,03,1
73,16,04,1
73,16,06,1
73,16,07,22
73,16,08,1
73,16,10,2
73,16,16,22
73,16,17,4
73,16,20,1
73,16,23,1
73,16,24,4
73,16,25,1
73,16,26,2
73,16,28,16
73,16,30,2
73,16,31,2
73,16,32,1
73,16,35,8
73,16,38,1
73,16,39,7
73,16,62,1
73,16,67,1
73,16,96,1
73,16,97,1
73,16,99,3
73,17,03,1
73,17,04,1
73,17,06,1
73,17,07,1
73,17,08,6
73,17,10,1
73,17,17,15
73,17,21,1
73,17,23,1
73,17,24,3
73,17,26,2
73,17,28,5
73,17,31,5
73,17,35,3
73,17,36,1
73,17,38,1
73,17,39,8
73,17,60,4
73,17,61,1
73,17,64,1
73,17,99,1
73,19,04,2
73,19,06,1
73,19,07,2
73,19,10,2
73,19,17,1
73,19,19,15
73,19,21,7
73,19,23,1
73,19,24,2
73,19,26,2
73,19,27,8
73,19,28,5
73,19,32,3
73,19,33,3
73,19,35,4
73,19,39,2
73,19,60,1
73,19,67,1
73,19,96,1
73,19,98,1
73,20,07,1
73,20,10,1
73,20,20,7
73,20,22,1
73,20,23,3
73,20,26,3
73,20,28,1
73,20,32,1
73,20,33,1
73,20,35,1
73,20,38,3
73,20,60,1
73,20,67,2
73,21,04,1
73,21,06,1
73,21,07,1
73,21,10,2
73,21,19,9
73,21,21,27
73,21,24,3
73,21,26,2
73,21,27,3
73,21,28,12
73,21,31,1
73,21,32,1
73,21,33,1
73,21,35,1
73,21,39,6
73,21,60,2
73,21,67,8
73,21,96,4
73,21,97,1
73,21,99,1
73,23,06,3
73,23,07,6
73,23,08,1
73,23,19,1
73,23,20,1
73,23,23,24
73,23,24,1
73,23,28,8
73,23,31,1
73,23,32,5
73,23,35,10
73,23,36,3
73,23,38,3
73,23,39,5
73,23,52,2
73,23,60,1
73,23,62,2
73,23,97,3
73,23,98,1
73,24,03,2
73,24,04,1
73,24,06,4
73,24,07,13
73,24,08,1
73,24,10,1
73,24,16,2
73,24,17,1
73,24,19,1
73,24,21,9
73,24,23,1
73,24,24,44
73,24,25,1
73,24,26,10
73,24,27,1
73,24,28,23
73,24,31,6
73,24,33,3
73,24,35,11
73,24,38,1
73,24,39,4
73,24,60,1
73,24,64,1
73,24,67,2
73,24,99,1
73,25,03,1
73,25,07,3
73,25,08,2
73,25,10,3
73,25,13,1
73,25,16,1
73,25,17,1
73,25,19,1
73,25,24,1
73,25,25,3
73,25,26,1
73,25,28,3
73,25,31,6
73,25,32,1
73,25,35,1
73,25,39,6
73,25,58,1
73,25,60,1
73,26,03,7
73,26,04,66
73,26,06,2
73,26,07,11
73,26,08,17
73,26,10,16
73,26,12,1
73,26,13,3
73,26,16,10
73,26,17,4
73,26,19,2
73,26,20,1
73,26,21,9
73,26,24,14
73,26,25,4
73,26,26,208
73,26,27,2
73,26,28,66
73,26,30,3
73,26,31,4
73,26,35,10
73,26,36,2
73,26,38,10
73,26,39,17
73,26,40,4
73,26,42,5
73,26,47,4
73,26,54,2
73,26,59,2
73,26,60,1
73,26,61,1
73,26,67,13
73,26,96,5
73,26,97,1
73,26,98,2
73,26,99,1
73,27,06,1
73,27,07,2
73,27,08,2
73,27,10,1
73,27,16,1
73,27,19,6
73,27,21,5
73,27,23,3
73,27,26,3
73,27,27,10
73,27,28,2
73,27,32,2
73,27,33,5
73,27,39,1
73,27,60,1
73,27,67,1
73,27,96,1
73,27,99,1
73,28,01,2
73,28,03,13
73,28,04,42
73,28,06,6
73,28,07,81
73,28,08,10
73,28,09,3
73,28,10,34
73,28,12,2
73,28,13,1
73,28,15,2
73,28,16,15
73,28,17,8
73,28,19,8
73,28,21,11
73,28,23,10
73,28,24,36
73,28,25,7
73,28,26,77
73,28,27,3
73,28,28,630
73,28,30,1
73,28,31,3
73,28,32,9
73,28,33,2
73,28,35,22
73,28,36,6
73,28,38,14
73,28,39,48
73,28,41,3
73,28,42,16
73,28,49,6
73,28,51,6
73,28,52,1
73,28,60,15
73,28,61,4
73,28,64,3
73,28,67,42
73,28,96,4
73,28,97,1
73,28,98,2
73,30,06,3
73,30,24,1
73,30,28,3
73,30,35,3
73,30,38,3
73,30,64,1
73,31,06,7
73,31,07,3
73,31,08,6
73,31,09,1
73,31,10,4
73,31,13,1
73,31,16,2
73,31,21,1
73,31,24,7
73,31,25,2
73,31,26,3
73,31,28,1
73,31,30,3
73,31,31,1
73,31,32,1
73,31,35,2
73,31,42,1
73,31,67,2
73,31,99,2
73,32,01,1
73,32,06,1
73,32,15,2
73,32,19,5
73,32,20,4
73,32,22,1
73,32,23,7
73,32,26,2
73,32,27,1
73,32,28,8
73,32,32,19
73,32,35,2
73,32,36,1
73,32,39,1
73,32,55,2
73,32,60,1
73,32,97,1
73,32,98,17
73,33,08,2
73,33,10,2
73,33,19,2
73,33,21,2
73,33,27,5
73,33,33,4
73,33,35,1
73,33,67,1
73,33,98,1
73,33,99,1
73,35,01,1
73,35,03,3
73,35,04,1
73,35,06,11
73,35,07,25
73,35,08,3
73,35,09,4
73,35,10,5
73,35,12,2
73,35,13,1
73,35,16,3
73,35,17,2
73,35,19,2
73,35,21,2
73,35,23,12
73,35,24,3
73,35,25,4
73,35,26,14
73,35,27,1
73,35,28,23
73,35,30,1
73,35,31,3
73,35,32,3
73,35,33,1
73,35,35,129
73,35,38,25
73,35,39,6
73,35,60,2
73,35,62,1
73,35,67,3
73,35,96,1
73,35,97,5
73,35,98,5
73,35,99,1
73,36,06,2
73,36,07,1
73,36,08,1
73,36,20,2
73,36,23,1
73,36,27,1
73,36,28,5
73,36,31,1
73,36,32,3
73,36,35,6
73,36,36,42
73,36,38,1
73,36,39,3
73,36,52,1
73,36,97,1
73,36,98,11
73,38,01,2
73,38,03,10
73,38,04,1
73,38,06,20
73,38,07,16
73,38,08,1
73,38,09,3
73,38,10,4
73,38,13,2
73,38,16,3
73,38,17,2
73,38,19,1
73,38,20,1
73,38,23,9
73,38,24,1
73,38,26,6
73,38,28,27
73,38,35,27
73,38,36,4
73,38,38,48
73,38,39,8
73,38,67,2
73,38,96,1
73,38,97,1
73,38,98,4
73,39,03,15
73,39,04,11
73,39,06,8
73,39,07,12
73,39,08,7
73,39,10,3
73,39,13,2
73,39,16,7
73,39,17,5
73,39,20,3
73,39,21,2
73,39,24,4
73,39,25,10
73,39,26,21
73,39,28,30
73,39,31,7
73,39,35,6
73,39,36,1
73,39,38,2
73,39,39,163
73,39,42,4
73,39,58,3
73,39,60,3
73,39,61,1
73,39,67,5
73,39,96,5
73,39,97,1
73,39,99,3
73,40,04,7
73,40,10,1
73,40,16,1
73,40,17,1
73,40,24,4
73,40,26,9
73,40,28,2
73,40,31,1
73,40,38,1
73,40,39,1
73,40,42,1
73,40,48,1
73,40,67,1
73,41,10,1
73,41,26,1
73,41,28,1
73,42,26,2
73,42,28,1
73,42,31,1
73,42,67,2
73,46,10,1
73,47,08,3
73,47,17,3
73,48,28,1
73,49,04,2
73,49,07,1
73,49,28,7
73,49,32,1
73,49,42,1
73,52,16,1
73,52,23,1
73,52,32,2
73,53,26,1
73,53,28,1
73,54,26,1
73,54,42,1
73,55,32,2
73,58,08,1
73,58,25,1
73,58,28,1
73,58,39,1
73,59,04,1
73,59,26,2
73,59,28,2
73,60,03,1
73,60,04,1
73,60,07,1
73,60,08,1
73,60,09,1
73,60,10,1
73,60,19,1
73,60,21,4
73,60,25,1
73,60,26,4
73,60,27,2
73,60,28,9
73,60,39,2
73,60,42,1
73,60,58,1
73,60,96,1
73,61,04,1
73,61,07,2
73,61,28,3
73,61,60,1
73,62,07,1
73,62,23,1
73,62,27,1
73,62,28,2
73,62,35,1
73,62,60,1
73,63,03,2
73,63,04,1
73,63,07,1
73,63,16,1
73,63,24,2
73,63,26,10
73,63,28,8
73,63,35,2
73,63,42,1
73,63,60,1
73,64,04,2
73,64,07,1
73,64,25,1
73,64,26,1
73,64,28,3
73,64,38,1
73,64,51,1
73,64,60,1
73,67,04,1
73,67,06,5
73,67,07,3
73,67,08,1
73,67,10,3
73,67,19,1
73,67,21,2
73,67,24,1
73,67,26,10
73,67,27,3
73,67,28,19
73,67,32,1
73,67,35,1
73,67,38,1
73,67,39,2
73,67,42,1
73,96,03,2
73,96,07,3
73,96,10,6
73,96,16,1
73,96,19,2
73,96,21,5
73,96,23,1
73,96,25,1
73,96,26,4
73,96,27,1
73,96,28,6
73,96,33,5
73,96,35,3
73,96,38,2
73,96,39,1
73,96,60,3
73,96,96,19
73,96,97,2
73,97,06,4
73,97,07,1
73,97,26,1
73,97,28,2
73,97,30,1
73,97,32,1
73,97,33,1
73,97,35,5
73,97,38,2
73,97,39,2
73,97,97,9
73,97,99,1
73,98,03,1
73,98,04,1
73,98,07,5
73,98,19,1
73,98,20,1
73,98,23,3
73,98,26,1
73,98,28,5
73,98,32,9
73,98,35,4
73,98,36,14
73,98,39,2
73,98,52,2
73,98,67,1
73,98,97,1
73,98,98,24
73,99,01,1
73,99,03,3
73,99,07,1
73,99,26,1
73,99,28,1
73,99,31,1
73,99,35,1
73,99,38,1
73,99,39,1
73,99,60,3
74,00,01,44
74,00,03,21
74,00,04,138
74,00,06,26
74,00,07,138
74,00,08,62
74,00,09,28
74,00,10,54
74,00,12,3
74,00,13,3
74,00,15,14
74,00,16,58
74,00,17,33
74,00,18,1
74,00,19,93
74,00,20,18
74,00,21,84
74,00,23,35
74,00,24,62
74,00,25,14
74,00,26,250
74,00,27,49
74,00,28,1043
74,00,30,11
74,00,31,22
74,00,32,41
74,00,33,21
74,00,35,110
74,00,36,38
74,00,38,57
74,00,39,248
74,00,40,1
74,00,42,16
74,00,47,2
74,00,48,3
74,00,50,2
74,00,58,2
74,00,60,6
74,00,63,2
74,00,64,2
74,00,67,23
74,00,68,1
74,00,96,29
74,00,97,20
74,00,98,37
74,00,99,7
74,01,01,8
74,01,16,2
74,01,23,1
74,01,60,1
74,04,04,47
74,04,07,4
74,04,08,1
74,04,10,3
74,04,16,4
74,04,17,2
74,04,21,2
74,04,23,1
74,04,24,1
74,04,25,2
74,04,26,41
74,04,27,3
74,04,28,43
74,04,31,2
74,04,35,3
74,04,38,3
74,04,39,4
74,04,42,1
74,04,47,3
74,04,48,1
74,04,61,1
74,04,63,2
74,04,67,10
74,06,06,3
74,06,07,5
74,06,08,1
74,06,09,1
74,06,10,4
74,06,16,2
74,06,19,1
74,06,23,2
74,06,24,2
74,06,25,2
74,06,28,6
74,06,30,6
74,06,32,2
74,06,33,1
74,06,35,3
74,06,36,2
74,06,38,18
74,06,67,4
74,06,97,3
74,06,98,5
74,07,01,2
74,07,03,1
74,07,04,3
74,07,06,6
74,07,07,130
74,07,08,2
74,07,10,9
74,07,16,17
74,07,17,5
74,07,19,3
74,07,21,1
74,07,23,4
74,07,24,7
74,07,25,2
74,07,26,12
74,07,28,58
74,07,30,7
74,07,31,2
74,07,32,2
74,07,35,27
74,07,36,2
74,07,38,14
74,07,39,3
74,07,41,1
74,07,49,2
74,07,62,2
74,07,67,5
74,07,96,2
74,07,98,3
74,08,01,3
74,08,03,1
74,08,04,11
74,08,07,2
74,08,08,9
74,08,10,6
74,08,17,9
74,08,25,1
74,08,26,11
74,08,28,6
74,08,35,2
74,08,38,1
74,08,39,17
74,08,42,1
74,08,47,1
74,08,58,1
74,08,67,2
74,08,96,1
74,09,07,1
74,09,09,4
74,09,20,2
74,09,28,5
74,09,35,2
74,09,36,2
74,09,38,2
74,09,97,1
74,10,04,1
74,10,06,4
74,10,07,7
74,10,08,2
74,10,10,42
74,10,16,2
74,10,17,1
74,10,19,4
74,10,20,3
74,10,21,2
74,10,24,8
74,10,25,4
74,10,26,20
74,10,27,1
74,10,28,23
74,10,35,2
74,10,38,8
74,10,39,4
74,10,60,1
74,10,61,1
74,10,63,1
74,10,64,1
74,10,67,6
74,10,96,6
74,13,03,1
74,13,06,2
74,13,25,1
74,13,31,1
74,13,32,2
74,13,38,1
74,15,07,1
74,15,20,1
74,15,28,2
74,15,32,1
74,15,33,1
74,16,03,1
74,16,04,2
74,16,06,2
74,16,07,9
74,16,08,2
74,16,16,16
74,16,17,1
74,16,19,2
74,16,23,1
74,16,24,4
74,16,26,1
74,16,28,9
74,16,30,3
74,16,31,1
74,16,35,1
74,16,38,3
74,16,39,2
74,16,48,1
74,17,03,3
74,17,04,2
74,17,06,2
74,17,07,2
74,17,08,7
74,17,09,1
74,17,17,7
74,17,23,2
74,17,24,3
74,17,25,4
74,17,26,8
74,17,28,3
74,17,31,1
74,17,32,1
74,17,33,2
74,17,35,1
74,17,38,1
74,17,39,2
74,17,40,1
74,17,60,1
74,17,67,2
74,18,21,1
74,18,27,1
74,18,33,2
74,19,10,3
74,19,19,20
74,19,21,16
74,19,26,1
74,19,27,5
74,19,28,7
74,19,32,1
74,19,33,3
74,19,35,1
74,19,38,1
74,19,39,1
74,19,60,1
74,19,67,3
74,20,08,1
74,20,09,1
74,20,19,1
74,20,20,9
74,20,21,2
74,20,23,1
74,20,24,1
74,20,28,2
74,20,35,2
74,20,38,2
74,20,67,1
74,21,06,2
74,21,07,2
74,21,19,13
74,21,20,1
74,21,21,35
74,21,23,4
74,21,24,1
74,21,25,1
74,21,26,3
74,21,27,9
74,21,28,11
74,21,33,6
74,21,38,1
74,21,39,1
74,21,67,5
74,21,96,2
74,21,97,1
74,23,04,1
74,23,07,1
74,23,17,1
74,23,23,29
74,23,25,3
74,23,26,4
74,23,28,10
74,23,32,8
74,23,33,1
74,23,35,11
74,23,38,5
74,23,39,6
74,23,52,1
74,23,60,2
74,23,67,1
74,23,97,5
74,23,98,6
74,24,04,6
74,24,07,6
74,24,08,3
74,24,09,3
74,24,10,4
74,24,12,1
74,24,16,6
74,24,17,1
74,24,19,1
74,24,20,1
74,24,21,1
74,24,23,1
74,24,24,34
74,24,25,1
74,24,26,13
74,24,27,2
74,24,28,36
74,24,30,2
74,24,31,10
74,24,35,4
74,24,38,5
74,24,39,7
74,24,67,2
74,25,03,2
74,25,04,4
74,25,07,2
74,25,10,3
74,25,16,2
74,25,17,1
74,25,19,1
74,25,21,1
74,25,24,2
74,25,25,12
74,25,26,5
74,25,27,1
74,25,28,7
74,25,31,5
74,25,39,12
74,25,60,1
74,25,67,3
74,25,96,1
74,25,97,2
74,25,98,1
74,26,01,1
74,26,03,5
74,26,04,52
74,26,06,4
74,26,07,9
74,26,08,14
74,26,10,22
74,26,16,4
74,26,17,8
74,26,19,2
74,26,20,1
74,26,21,4
74,26,23,2
74,26,24,22
74,26,25,6
74,26,26,150
74,26,27,2
74,26,28,98
74,26,31,1
74,26,33,2
74,26,35,14
74,26,36,1
74,26,38,6
74,26,39,17
74,26,40,2
74,26,42,3
74,26,47,5
74,26,48,1
74,26,54,1
74,26,58,1
74,26,60,4
74,26,63,1
74,26,67,13
74,26,96,10
74,26,98,5
74,26,99,2
74,27,07,1
74,27,16,1
74,27,21,7
74,27,24,1
74,27,25,1
74,27,26,4
74,27,27,9
74,27,28,3
74,27,31,3
74,27,33,3
74,27,35,3
74,27,36,1
74,27,38,1
74,27,60,1
74,27,62,1
74,27,67,1
74,27,96,1
74,27,97,1
74,28,03,2
74,28,04,38
74,28,06,15
74,28,07,79
74,28,08,12
74,28,09,6
74,28,10,26
74,28,15,1
74,28,16,20
74,28,17,16
74,28,19,3
74,28,20,1
74,28,21,12
74,28,22,1
74,28,23,12
74,28,24,37
74,28,25,11
74,28,26,93
74,28,27,8
74,28,28,1014
74,28,31,4
74,28,32,10
74,28,33,3
74,28,35,46
74,28,38,13
74,28,39,36
74,28,40,1
74,28,41,1
74,28,42,12
74,28,43,1
74,28,48,4
74,28,49,4
74,28,51,4
74,28,53,1
74,28,59,1
74,28,60,13
74,28,61,4
74,28,63,7
74,28,64,1
74,28,67,53
74,28,68,2
74,28,96,5
74,28,97,2
74,28,98,2
74,30,06,2
74,30,13,1
74,30,23,2
74,30,30,6
74,30,35,1
74,30,38,1
74,30,99,1
74,31,03,2
74,31,04,1
74,31,06,2
74,31,07,2
74,31,08,1
74,31,10,1
74,31,26,1
74,31,27,1
74,31,28,7
74,31,30,1
74,31,31,5
74,31,35,1
74,31,38,2
74,31,39,1
74,31,60,1
74,31,67,2
74,31,97,1
74,32,07,10
74,32,10,1
74,32,17,2
74,32,19,1
74,32,20,2
74,32,23,12
74,32,26,5
74,32,27,3
74,32,28,7
74,32,31,5
74,32,32,14
74,32,35,1
74,32,36,1
74,32,38,1
74,32,60,2
74,32,67,5
74,32,96,1
74,32,98,3
74,33,03,3
74,33,06,1
74,33,21,1
74,33,27,1
74,33,28,1
74,33,33,3
74,33,60,1
74,33,96,2
74,35,01,1
74,35,03,5
74,35,04,5
74,35,06,14
74,35,07,25
74,35,08,8
74,35,09,3
74,35,10,5
74,35,13,1
74,35,15,2
74,35,16,2
74,35,17,3
74,35,19,1
74,35,21,3
74,35,23,8
74,35,24,5
74,35,25,1
74,35,26,15
74,35,28,16
74,35,30,2
74,35,31,2
74,35,32,3
74,35,35,129
74,35,36,3
74,35,38,31
74,35,39,7
74,35,58,1
74,35,60,3
74,35,63,1
74,35,64,1
74,35,67,3
74,35,96,3
74,35,97,4
74,35,98,3
74,35,99,3
74,36,19,2
74,36,25,1
74,36,28,1
74,36,32,2
74,36,35,3
74,36,36,27
74,36,38,5
74,36,98,16
74,38,06,22
74,38,07,7
74,38,08,1
74,38,09,4
74,38,10,2
74,38,19,1
74,38,23,2
74,38,24,1
74,38,25,4
74,38,26,11
74,38,27,1
74,38,28,10
74,38,30,2
74,38,31,1
74,38,32,2
74,38,35,15
74,38,36,5
74,38,38,39
74,38,39,7
74,38,67,11
74,38,96,4
74,38,97,2
74,38,98,2
74,39,03,8
74,39,04,18
74,39,06,2
74,39,07,9
74,39,08,10
74,39,10,5
74,39,16,3
74,39,17,7
74,39,23,2
74,39,24,8
74,39,25,8
74,39,26,22
74,39,28,38
74,39,32,6
74,39,33,1
74,39,35,11
74,39,36,2
74,39,38,3
74,39,39,135
74,39,42,2
74,39,67,5
74,39,96,2
74,39,97,1
74,39,98,5
74,40,04,5
74,40,17,1
74,40,24,2
74,40,26,11
74,40,31,1
74,40,35,1
74,40,60,2
74,40,67,1
74,41,28,2
74,41,35,1
74,42,04,2
74,42,08,1
74,42,28,2
74,42,67,2
74,43,26,1
74,46,26,1
74,46,28,1
74,46,47,1
74,47,04,1
74,47,08,5
74,47,10,2
74,47,17,3
74,47,26,3
74,47,28,1
74,47,36,1
74,47,47,2
74,48,07,1
74,48,28,2
74,48,35,1
74,48,64,1
74,48,96,1
74,49,25,1
74,49,26,1
74,49,28,3
74,51,39,2
74,52,23,2
74,52,98,1
74,53,10,1
74,54,26,1
74,54,67,1
74,55,98,1
74,58,03,1
74,58,08,2
74,58,26,3
74,58,42,1
74,59,04,1
74,59,28,2
74,59,48,1
74,59,59,3
74,59,98,1
74,60,07,1
74,60,10,3
74,60,21,3
74,60,23,1
74,60,24,3
74,60,26,1
74,60,27,1
74,60,28,12
74,60,33,1
74,60,35,1
74,60,38,1
74,60,39,2
74,60,51,1
74,60,54,1
74,60,67,1
74,61,28,6
74,61,60,3
74,62,09,1
74,62,23,1
74,62,28,2
74,62,35,2
74,62,97,1
74,62,98,1
74,63,04,1
74,63,08,2
74,63,25,1
74,63,26,2
74,63,28,7
74,63,31,1
74,64,10,2
74,64,25,1
74,64,28,6
74,64,35,1
74,64,51,1
74,67,03,1
74,67,04,6
74,67,06,2
74,67,07,3
74,67,08,1
74,67,10,4
74,67,17,1
74,67,21,3
74,67,23,1
74,67,24,4
74,67,25,2
74,67,26,9
74,67,27,1
74,67,28,32
74,67,31,2
74,67,32,3
74,67,35,3
74,67,38,5
74,67,39,4
74,67,40,1
74,67,98,1
74,68,26,1
74,96,01,5
74,96,04,1
74,96,06,1
74,96,07,1
74,96,10,3
74,96,17,3
74,96,18,1
74,96,19,1
74,96,21,4
74,96,24,1
74,96,25,1
74,96,26,1
74,96,27,4
74,96,28,1
74,96,33,2
74,96,35,3
74,96,38,3
74,96,39,5
74,96,60,2
74,96,63,1
74,96,96,29
74,96,98,1
74,97,06,3
74,97,19,1
74,97,23,2
74,97,25,1
74,97,26,1
74,97,27,1
74,97,28,2
74,97,33,1
74,97,35,2
74,97,38,2
74,97,52,1
74,97,97,5
74,97,98,1
74,98,06,2
74,98,07,4
74,98,20,8
74,98,23,2
74,98,25,1
74,98,26,1
74,98,28,1
74,98,32,9
74,98,35,4
74,98,36,16
74,98,38,2
74,98,64,1
74,98,67,1
74,98,96,1
74,98,97,3
74,98,98,25
74,98,99,1
74,99,06,2
74,99,20,1
74,99,26,2
74,99,28,1
74,99,38,2
75,00,01,35
75,00,03,14
75,00,04,186
75,00,06,55
75,00,07,151
75,00,08,63
75,00,09,21
75,00,10,69
75,00,12,6
75,00,13,5
75,00,15,8
75,00,16,27
75,00,17,30
75,00,18,3
75,00,19,70
75,00,20,16
75,00,21,73
75,00,22,3
75,00,23,27
75,00,24,59
75,00,25,30
75,00,26,344
75,00,27,59
75,00,28,1194
75,00,30,12
75,00,31,20
75,00,32,31
75,00,33,21
75,00,35,132
75,00,36,53
75,00,38,51
75,00,39,174
75,00,40,1
75,00,42,10
75,00,47,4
75,00,48,2
75,00,50,3
75,00,51,1
75,00,53,4
75,00,54,2
75,00,59,1
75,00,60,7
75,00,62,7
75,00,63,5
75,00,64,1
75,00,67,20
75,00,68,1
75,00,96,37
75,00,97,14
75,00,98,44
75,00,99,9
75,01,01,1
75,01,10,3
75,01,26,1
75,01,28,1
75,01,32,1
75,03,03,11
75,03,13,1
75,03,21,1
75,03,24,1
75,03,26,1
75,03,28,1
75,03,30,2
75,03,31,2
75,03,32,1
75,03,35,3
75,03,39,7
75,03,79,1
75,03,96,1
75,03,99,2
75,04,03,1
75,04,04,13
75,04,06,1
75,04,07,3
75,04,08,3
75,04,10,4
75,04,16,2
75,04,17,2
75,04,21,1
75,04,24,6
75,04,26,50
75,04,27,1
75,04,28,24
75,04,35,6
75,04,36,1
75,04,38,2
75,04,39,13
75,04,40,1
75,04,42,7
75,04,46,3
75,04,47,1
75,04,49,2
75,04,54,2
75,04,59,1
75,04,60,1
75,04,67,8
75,06,03,2
75,06,06,30
75,06,07,5
75,06,10,3
75,06,13,1
75,06,15,2
75,06,16,2
75,06,23,4
75,06,24,1
75,06,25,1
75,06,26,6
75,06,28,9
75,06,30,3
75,06,35,4
75,06,38,13
75,06,39,1
75,06,62,4
75,06,67,7
75,06,96,1
75,06,98,3
75,07,04,5
75,07,06,2
75,07,07,117
75,07,08,1
75,07,10,10
75,07,16,17
75,07,17,1
75,07,20,2
75,07,21,1
75,07,23,3
75,07,24,6
75,07,25,1
75,07,26,10
75,07,27,1
75,07,28,54
75,07,30,2
75,07,31,1
75,07,32,1
75,07,35,25
75,07,36,1
75,07,38,10
75,07,39,9
75,07,48,1
75,07,60,1
75,07,61,2
75,07,62,1
75,07,63,3
75,07,64,1
75,07,67,4
75,07,96,3
75,07,97,1
75,07,98,2
75,08,04,3
75,08,07,3
75,08,08,26
75,08,10,3
75,08,16,4
75,08,17,3
75,08,19,1
75,08,21,1
75,08,23,2
75,08,24,9
75,08,25,2
75,08,26,8
75,08,28,6
75,08,39,7
75,08,47,5
75,08,98,1
75,09,06,4
75,09,09,4
75,09,35,2
75,09,39,1
75,09,67,1
75,09,97,2
75,10,01,2
75,10,03,5
75,10,04,4
75,10,06,2
75,10,07,7
75,10,08,3
75,10,09,2
75,10,10,42
75,10,16,2
75,10,17,1
75,10,21,1
75,10,23,1
75,10,24,1
75,10,25,2
75,10,26,8
75,10,27,3
75,10,28,21
75,10,31,2
75,10,32,1
75,10,33,1
75,10,35,9
75,10,38,4
75,10,39,4
75,10,40,1
75,10,42,1
75,10,49,1
75,10,52,1
75,10,58,1
75,10,60,1
75,10,67,4
75,10,96,2
75,10,99,1
75,12,07,1
75,12,23,2
75,12,35,1
75,12,38,1
75,13,03,1
75,13,06,1
75,13,07,1
75,13,13,1
75,13,31,1
75,13,39,1
75,15,15,1
75,15,23,1
75,15,28,1
75,16,03,2
75,16,04,1
75,16,06,4
75,16,07,7
75,16,08,2
75,16,10,3
75,16,16,18
75,16,17,2
75,16,20,2
75,16,23,4
75,16,24,5
75,16,25,1
75,16,26,5
75,16,28,13
75,16,31,1
75,16,32,2
75,16,35,2
75,16,38,7
75,16,39,3
75,16,62,1
75,16,96,1
75,16,98,2
75,16,99,1
75,17,07,2
75,17,08,1
75,17,09,1
75,17,10,2
75,17,16,1
75,17,17,3
75,17,23,1
75,17,24,4
75,17,25,2
75,17,26,5
75,17,27,1
75,17,28,6
75,17,31,4
75,17,32,2
75,17,35,2
75,17,38,1
75,17,39,2
75,17,58,1
75,17,67,2
75,18,07,1
75,18,09,1
75,18,13,2
75,18,18,2
75,18,33,4
75,18,38,1
75,19,03,1
75,19,19,17
75,19,21,14
75,19,23,4
75,19,25,1
75,19,26,2
75,19,27,10
75,19,28,7
75,19,31,1
75,19,32,3
75,19,33,2
75,19,67,1
75,19,98,1
75,20,04,2
75,20,07,4
75,20,16,1
75,20,19,1
75,20,20,6
75,20,23,4
75,20,24,2
75,20,26,1
75,20,28,1
75,20,32,5
75,20,62,1
75,20,98,2
75,21,03,1
75,21,04,5
75,21,06,1
75,21,10,2
75,21,16,1
75,21,17,2
75,21,19,8
75,21,21,19
75,21,23,1
75,21,24,3
75,21,25,1
75,21,26,6
75,21,27,5
75,21,28,21
75,21,32,2
75,21,35,2
75,21,36,1
75,21,38,2
75,21,39,1
75,21,42,1
75,21,67,9
75,21,96,4
75,22,22,2
75,23,01,1
75,23,06,2
75,23,07,3
75,23,10,2
75,23,12,1
75,23,15,2
75,23,16,1
75,23,20,2
75,23,21,1
75,23,23,32
75,23,24,2
75,23,26,2
75,23,28,4
75,23,30,1
75,23,32,5
75,23,35,6
75,23,36,8
75,23,38,7
75,23,97,1
75,23,98,3
75,24,06,4
75,24,07,9
75,24,08,7
75,24,09,1
75,24,10,7
75,24,13,1
75,24,16,5
75,24,17,11
75,24,21,4
75,24,24,23
75,24,25,1
75,24,26,9
75,24,28,18
75,24,31,2
75,24,32,1
75,24,33,1
75,24,35,19
75,24,39,2
75,24,40,2
75,24,60,2
75,24,67,5
75,24,97,1
75,25,03,1
75,25,04,2
75,25,07,1
75,25,08,3
75,25,10,4
75,25,17,3
75,25,21,2
75,25,24,1
75,25,25,7
75,25,26,1
75,25,28,3
75,25,35,1
75,25,39,11
75,25,58,1
75,25,60,2
75,25,96,1
75,25,98,1
75,25,99,1
75,26,03,6
75,26,04,47
75,26,06,8
75,26,07,20
75,26,08,9
75,26,10,16
75,26,16,12
75,26,17,9
75,26,18,1
75,26,19,2
75,26,20,2
75,26,21,4
75,26,23,1
75,26,24,28
75,26,25,6
75,26,26,188
75,26,27,2
75,26,28,82
75,26,30,1
75,26,31,4
75,26,33,1
75,26,35,13
75,26,38,3
75,26,39,31
75,26,40,9
75,26,42,2
75,26,47,1
75,26,48,1
75,26,50,1
75,26,53,1
75,26,54,3
75,26,59,1
75,26,60,4
75,26,63,1
75,26,64,1
75,26,67,13
75,26,96,9
75,26,98,5
75,27,04,1
75,27,06,1
75,27,07,1
75,27,08,2
75,27,10,3
75,27,16,1
75,27,19,4
75,27,21,10
75,27,24,1
75,27,26,1
75,27,27,3
75,27,28,4
75,27,33,7
75,27,39,3
75,27,42,1
75,27,67,3
75,27,96,4
75,28,01,3
75,28,03,3
75,28,04,24
75,28,06,15
75,28,07,67
75,28,08,13
75,28,09,1
75,28,10,27
75,28,15,1
75,28,16,20
75,28,17,2
75,28,19,9
75,28,20,1
75,28,21,32
75,28,23,3
75,28,24,21
75,28,25,5
75,28,26,85
75,28,27,2
75,28,28,1225
75,28,30,3
75,28,31,5
75,28,32,5
75,28,33,1
75,28,35,45
75,28,36,6
75,28,38,32
75,28,39,46
75,28,41,9
75,28,42,11
75,28,43,1
75,28,48,4
75,28,49,7
75,28,51,6
75,28,60,15
75,28,61,3
75,28,63,1
75,28,64,1
75,28,67,41
75,28,96,4
75,28,97,2
75,30,01,1
75,30,06,2
75,30,16,3
75,30,23,2
75,30,24,1
75,30,28,1
75,30,35,3
75,30,38,3
75,30,97,1
75,31,03,1
75,31,06,1
75,31,07,6
75,31,08,1
75,31,10,1
75,31,12,1
75,31,17,1
75,31,24,1
75,31,25,2
75,31,26,1
75,31,28,6
75,31,30,3
75,31,31,1
75,31,32,1
75,31,35,2
75,31,38,1
75,31,39,1
75,31,67,1
75,32,06,1
75,32,07,5
75,32,16,1
75,32,17,1
75,32,19,2
75,32,20,2
75,32,21,2
75,32,22,1
75,32,23,9
75,32,24,1
75,32,26,3
75,32,28,10
75,32,32,10
75,32,35,2
75,32,38,8
75,32,39,3
75,32,62,1
75,32,64,1
75,32,96,1
75,32,97,2
75,32,98,2
75,33,07,2
75,33,17,2
75,33,18,1
75,33,19,3
75,33,21,1
75,33,25,1
75,33,27,3
75,33,28,1
75,33,33,6
75,33,39,1
75,33,96,4
75,35,01,1
75,35,03,1
75,35,04,4
75,35,06,19
75,35,07,17
75,35,09,4
75,35,10,3
75,35,13,2
75,35,16,7
75,35,17,2
75,35,20,1
75,35,21,1
75,35,23,3
75,35,24,4
75,35,25,2
75,35,26,8
75,35,27,3
75,35,28,32
75,35,30,4
75,35,31,2
75,35,32,4
75,35,35,127
75,35,36,1
75,35,38,21
75,35,39,7
75,35,42,1
75,35,55,1
75,35,60,3
75,35,62,6
75,35,67,7
75,35,96,2
75,35,97,2
75,35,98,5
75,35,99,1
75,36,06,3
75,36,17,1
75,36,23,4
75,36,26,2
75,36,28,1
75,36,32,2
75,36,36,24
75,36,38,4
75,36,39,1
75,36,62,2
75,36,67,1
75,36,98,9
75,38,03,1
75,38,06,23
75,38,07,12
75,38,09,3
75,38,10,1
75,38,12,1
75,38,15,1
75,38,16,3
75,38,17,1
75,38,20,1
75,38,23,3
75,38,24,1
75,38,26,6
75,38,28,8
75,38,30,3
75,38,32,3
75,38,35,23
75,38,38,35
75,38,39,8
75,38,58,1
75,38,60,1
75,38,67,6
75,38,96,1
75,38,97,1
75,38,98,3
75,38,99,1
75,39,03,5
75,39,04,9
75,39,06,1
75,39,07,6
75,39,08,4
75,39,10,6
75,39,16,4
75,39,17,20
75,39,19,1
75,39,20,1
75,39,21,1
75,39,23,6
75,39,24,5
75,39,25,14
75,39,26,26
75,39,28,32
75,39,32,1
75,39,33,1
75,39,35,9
75,39,36,2
75,39,38,5
75,39,39,153
75,39,42,2
75,39,52,1
75,39,58,1
75,39,60,4
75,39,67,5
75,39,79,1
75,39,96,1
75,39,99,2
75,40,04,1
75,40,08,1
75,40,24,2
75,40,26,9
75,41,07,2
75,41,26,3
75,41,28,3
75,41,33,1
75,41,38,2
75,42,28,4
75,46,04,1
75,46,07,1
75,46,26,1
75,47,04,6
75,47,08,11
75,47,10,1
75,47,17,3
75,47,26,2
75,47,28,1
75,47,31,2
75,47,39,3
75,47,47,2
75,47,54,1
75,47,98,1
75,48,26,1
75,48,28,2
75,48,62,1
75,48,96,1
75,49,07,2
75,49,10,1
75,49,28,4
75,49,38,2
75,49,54,1
75,52,36,1
75,53,07,1
75,53,28,2
75,54,04,1
75,54,10,1
75,54,26,1
75,54,48,1
75,54,60,1
75,58,35,1
75,58,39,2
75,59,24,2
75,59,26,1
75,60,04,1
75,60,06,1
75,60,07,3
75,60,20,1
75,60,21,1
75,60,23,1
75,60,24,2
75,60,25,1
75,60,26,1
75,60,28,7
75,60,30,1
75,60,35,2
75,60,39,1
75,60,62,1
75,60,63,2
75,60,64,2
75,60,96,1
75,60,98,2
75,61,07,1
75,61,26,1
75,61,28,7
75,62,06,3
75,62,07,1
75,62,21,1
75,62,28,2
75,62,38,1
75,63,04,2
75,63,07,4
75,63,10,2
75,63,28,6
75,63,42,1
75,63,99,1
75,64,04,1
75,64,06,1
75,64,10,1
75,64,26,1
75,64,28,5
75,64,39,1
75,64,60,3
75,67,04,3
75,67,06,3
75,67,07,4
75,67,17,3
75,67,21,7
75,67,24,1
75,67,26,11
75,67,27,2
75,67,28,35
75,67,31,2
75,67,35,1
75,67,36,1
75,67,38,3
75,67,39,2
75,67,97,3
75,79,39,1
75,96,01,2
75,96,03,3
75,96,06,1
75,96,07,2
75,96,10,12
75,96,16,1
75,96,18,1
75,96,19,4
75,96,21,1
75,96,25,2
75,96,26,1
75,96,28,3
75,96,32,1
75,96,33,3
75,96,35,1
75,96,38,1
75,96,39,2
75,96,96,21
75,96,97,1
75,96,98,3
75,97,06,5
75,97,07,1
75,97,10,1
75,97,19,1
75,97,23,4
75,97,28,1
75,97,35,5
75,97,36,2
75,97,38,3
75,97,67,1
75,97,97,7
75,98,06,1
75,98,08,1
75,98,10,2
75,98,20,2
75,98,21,2
75,98,23,4
75,98,25,4
75,98,28,1
75,98,31,2
75,98,32,6
75,98,36,11
75,98,38,1
75,98,50,1
75,98,67,1
75,98,97,4
75,98,98,24
75,99,06,4
75,99,07,2
75,99,08,1
75,99,24,3
75,99,30,2
75,99,31,2
75,99,35,3
75,99,38,1
75,99,39,1
76,00,01,31
76,00,03,17
76,00,04,217
76,00,06,43
76,00,07,152
76,00,08,54
76,00,09,20
76,00,10,78
76,00,12,8
76,00,13,8
76,00,15,8
76,00,16,56
76,00,17,34
76,00,18,2
76,00,19,69
76,00,20,15
76,00,21,103
76,00,22,2
76,00,23,34
76,00,24,61
76,00,25,23
76,00,26,303
76,00,27,70
76,00,28,1298
76,00,30,8
76,00,31,28
76,00,32,30
76,00,33,23
76,00,35,121
76,00,36,45
76,00,38,44
76,00,39,252
76,00,40,2
76,00,42,13
76,00,47,6
76,00,48,4
76,00,49,1
76,00,50,2
76,00,51,2
76,00,53,1
76,00,54,1
76,00,60,2
76,00,62,1
76,00,63,1
76,00,67,28
76,00,68,1
76,00,79,1
76,00,96,39
76,00,97,17
76,00,98,41
76,00,99,10
76,01,01,7
76,01,10,4
76,01,16,1
76,01,23,2
76,01,27,1
76,01,39,1
76,01,60,1
76,01,64,1
76,03,03,16
76,03,06,2
76,03,07,3
76,03,08,5
76,03,10,1
76,03,12,2
76,03,16,1
76,03,17,2
76,03,24,1
76,03,25,5
76,03,26,1
76,03,28,1
76,03,31,2
76,03,35,3
76,03,38,2
76,03,39,10
76,03,58,2
76,03,67,1
76,03,96,1
76,04,01,3
76,04,04,18
76,04,07,4
76,04,08,6
76,04,10,2
76,04,16,3
76,04,19,2
76,04,21,2
76,04,24,5
76,04,25,3
76,04,26,43
76,04,28,33
76,04,33,2
76,04,35,7
76,04,38,1
76,04,39,17
76,04,42,7
76,04,47,6
76,04,49,1
76,04,50,1
76,04,54,1
76,04,67,9
76,06,01,1
76,06,04,1
76,06,06,19
76,06,07,4
76,06,08,1
76,06,09,5
76,06,10,2
76,06,16,3
76,06,21,2
76,06,23,1
76,06,24,1
76,06,25,1
76,06,26,6
76,06,28,7
76,06,30,10
76,06,31,1
76,06,35,3
76,06,36,2
76,06,38,23
76,06,62,2
76,06,63,1
76,06,67,6
76,06,97,5
76,06,98,4
76,06,99,1
76,07,03,2
76,07,06,8
76,07,07,202
76,07,08,6
76,07,10,9
76,07,13,1
76,07,16,14
76,07,17,2
76,07,19,1
76,07,20,1
76,07,21,4
76,07,23,6
76,07,24,7
76,07,26,3
76,07,28,45
76,07,30,3
76,07,31,3
76,07,32,1
76,07,33,1
76,07,35,19
76,07,36,1
76,07,38,5
76,07,39,3
76,07,40,1
76,07,47,1
76,07,49,2
76,07,60,4
76,07,61,2
76,07,62,1
76,07,63,4
76,07,64,1
76,07,67,3
76,07,98,8
76,08,01,1
76,08,03,2
76,08,04,3
76,08,06,3
76,08,07,4
76,08,08,42
76,08,09,1
76,08,12,1
76,08,13,2
76,08,16,4
76,08,17,8
76,08,23,4
76,08,24,1
76,08,25,1
76,08,26,3
76,08,28,2
76,08,32,1
76,08,35,4
76,08,38,1
76,08,39,5
76,08,47,3
76,08,98,1
76,08,99,1
76,09,06,1
76,09,09,6
76,09,19,3
76,09,20,2
76,09,26,1
76,09,30,1
76,09,32,4
76,09,38,1
76,09,60,1
76,09,67,2
76,09,98,2
76,10,01,4
76,10,04,1
76,10,06,1
76,10,07,11
76,10,08,1
76,10,09,3
76,10,10,45
76,10,13,1
76,10,16,3
76,10,17,1
76,10,19,1
76,10,21,2
76,10,24,5
76,10,26,15
76,10,27,2
76,10,28,12
76,10,31,1
76,10,33,1
76,10,35,11
76,10,38,3
76,10,39,8
76,10,42,3
76,10,48,1
76,10,60,2
76,10,61,1
76,10,63,1
76,10,67,2
76,10,96,15
76,10,97,1
76,10,99,1
76,12,30,1
76,12,33,1
76,12,35,2
76,12,39,1
76,12,97,1
76,13,03,1
76,13,10,1
76,13,17,2
76,13,25,1
76,13,31,1
76,13,35,1
76,13,38,1
76,13,39,1
76,15,06,1
76,15,16,1
76,16,03,4
76,16,06,8
76,16,07,17
76,16,08,2
76,16,16,36
76,16,17,1
76,16,23,1
76,16,24,3
76,16,25,1
76,16,26,2
76,16,27,1
76,16,28,11
76,16,31,5
76,16,32,3
76,16,35,3
76,16,36,1
76,16,38,4
76,16,39,5
76,16,42,1
76,16,48,1
76,16,60,2
76,16,62,1
76,16,67,3
76,16,98,1
76,16,99,1
76,17,03,3
76,17,04,3
76,17,07,7
76,17,08,6
76,17,10,2
76,17,17,6
76,17,23,1
76,17,24,1
76,17,25,1
76,17,26,1
76,17,28,3
76,17,33,2
76,17,39,9
76,17,47,2
76,17,63,1
76,17,67,3
76,19,01,1
76,19,03,1
76,19,04,3
76,19,06,1
76,19,19,12
76,19,21,14
76,19,23,2
76,19,26,1
76,19,28,2
76,19,32,1
76,19,33,2
76,19,35,1
76,19,39,1
76,19,96,7
76,19,98,1
76,20,07,3
76,20,09,2
76,20,15,1
76,20,16,3
76,20,20,8
76,20,28,1
76,20,32,2
76,20,35,1
76,20,36,2
76,20,38,2
76,20,60,1
76,20,67,1
76,20,98,1
76,20,99,1
76,21,04,3
76,21,06,1
76,21,07,2
76,21,08,1
76,21,10,4
76,21,15,1
76,21,16,2
76,21,19,12
76,21,21,18
76,21,23,7
76,21,24,2
76,21,25,2
76,21,26,3
76,21,27,7
76,21,28,11
76,21,33,2
76,21,38,1
76,21,39,1
76,21,60,1
76,21,67,3
76,21,96,2
76,21,97,1
76,21,98,1
76,22,32,3
76,23,01,4
76,23,03,1
76,23,06,6
76,23,07,5
76,23,09,1
76,23,13,1
76,23,15,2
76,23,16,2
76,23,20,1
76,23,21,2
76,23,23,37
76,23,26,4
76,23,28,13
76,23,32,6
76,23,35,8
76,23,36,3
76,23,38,4
76,23,42,1
76,23,52,1
76,23,60,2
76,23,98,4
76,24,01,1
76,24,03,2
76,24,06,1
76,24,07,3
76,24,08,4
76,24,10,5
76,24,16,3
76,24,17,1
76,24,19,1
76,24,23,1
76,24,24,51
76,24,25,2
76,24,26,6
76,24,28,14
76,24,31,2
76,24,32,1
76,24,35,6
76,24,36,2
76,24,39,2
76,24,42,2
76,24,51,1
76,24,67,1
76,24,96,1
76,24,97,1
76,25,03,2
76,25,06,1
76,25,10,1
76,25,17,6
76,25,21,1
76,25,25,5
76,25,26,7
76,25,28,4
76,25,31,4
76,25,33,1
76,25,39,8
76,25,58,1
76,25,79,1
76,26,03,5
76,26,04,29
76,26,06,5
76,26,07,15
76,26,08,11
76,26,10,15
76,26,16,7
76,26,17,9
76,26,24,11
76,26,25,6
76,26,26,163
76,26,27,1
76,26,28,74
76,26,30,1
76,26,31,3
76,26,32,2
76,26,35,18
76,26,38,11
76,26,39,29
76,26,40,3
76,26,42,8
76,26,47,14
76,26,48,2
76,26,53,1
76,26,54,6
76,26,63,4
76,26,67,23
76,26,96,3
76,26,97,2
76,26,98,2
76,26,99,3
76,27,10,1
76,27,19,2
76,27,21,3
76,27,24,2
76,27,26,5
76,27,27,5
76,27,28,1
76,27,33,5
76,27,39,1
76,27,67,2
76,27,96,2
76,27,98,1
76,28,01,5
76,28,03,2
76,28,04,36
76,28,06,16
76,28,07,80
76,28,08,9
76,28,10,27
76,28,16,21
76,28,17,8
76,28,19,3
76,28,20,3
76,28,21,9
76,28,23,11
76,28,24,27
76,28,25,11
76,28,26,79
76,28,27,1
76,28,28,1121
76,28,30,1
76,28,31,5
76,28,32,10
76,28,33,1
76,28,35,36
76,28,36,2
76,28,38,29
76,28,39,48
76,28,41,8
76,28,42,15
76,28,43,1
76,28,47,1
76,28,48,9
76,28,49,7
76,28,51,25
76,28,60,10
76,28,61,6
76,28,62,2
76,28,63,8
76,28,64,1
76,28,67,63
76,28,68,2
76,28,96,1
76,28,97,1
76,28,98,2
76,30,04,1
76,30,06,10
76,30,08,1
76,30,16,3
76,30,23,1
76,30,28,1
76,30,30,6
76,30,32,1
76,30,99,1
76,31,03,2
76,31,06,2
76,31,07,1
76,31,08,4
76,31,10,2
76,31,12,1
76,31,17,6
76,31,21,1
76,31,24,2
76,31,26,3
76,31,27,1
76,31,28,3
76,31,31,4
76,31,32,1
76,31,35,1
76,31,38,1
76,31,39,1
76,31,67,4
76,31,96,5
76,32,04,1
76,32,09,1
76,32,19,1
76,32,20,2
76,32,22,1
76,32,23,6
76,32,28,4
76,32,31,1
76,32,32,12
76,32,35,6
76,32,36,2
76,32,38,2
76,32,39,1
76,32,60,2
76,32,98,2
76,33,09,2
76,33,10,2
76,33,16,1
76,33,18,3
76,33,19,4
76,33,21,1
76,33,27,3
76,33,28,3
76,33,31,2
76,33,33,4
76,33,35,3
76,33,38,1
76,33,39,1
76,33,96,2
76,35,03,1
76,35,04,8
76,35,06,15
76,35,07,14
76,35,08,1
76,35,09,4
76,35,10,8
76,35,16,6
76,35,17,2
76,35,19,1
76,35,20,2
76,35,21,5
76,35,23,3
76,35,24,5
76,35,25,1
76,35,26,5
76,35,27,2
76,35,28,19
76,35,30,3
76,35,31,6
76,35,32,5
76,35,33,2
76,35,35,136
76,35,36,5
76,35,38,12
76,35,39,1
76,35,40,1
76,35,42,1
76,35,52,1
76,35,62,1
76,35,64,1
76,35,67,3
76,35,96,6
76,35,97,9
76,35,98,2
76,35,99,2
76,36,06,1
76,36,07,4
76,36,09,1
76,36,10,1
76,36,13,3
76,36,20,2
76,36,21,1
76,36,26,1
76,36,28,5
76,36,32,1
76,36,35,5
76,36,36,41
76,36,38,3
76,36,39,1
76,36,52,1
76,36,67,1
76,36,97,3
76,36,98,16
76,38,03,2
76,38,06,17
76,38,07,8
76,38,08,4
76,38,10,4
76,38,16,2
76,38,17,2
76,38,20,2
76,38,23,5
76,38,24,4
76,38,25,2
76,38,26,9
76,38,27,1
76,38,28,22
76,38,30,2
76,38,31,3
76,38,32,7
76,38,35,15
76,38,36,4
76,38,38,35
76,38,39,4
76,38,52,1
76,38,62,1
76,38,67,7
76,38,96,1
76,38,97,2
76,39,01,1
76,39,03,14
76,39,04,11
76,39,07,5
76,39,08,12
76,39,09,1
76,39,10,6
76,39,13,2
76,39,16,5
76,39,17,9
76,39,19,2
76,39,24,4
76,39,25,6
76,39,26,19
76,39,27,2
76,39,28,42
76,39,31,7
76,39,32,1
76,39,33,2
76,39,35,8
76,39,36,2
76,39,39,145
76,39,42,8
76,39,58,2
76,39,63,3
76,39,67,14
76,39,97,1
76,40,04,1
76,40,07,1
76,40,08,1
76,40,10,1
76,40,24,2
76,40,26,10
76,40,28,1
76,40,35,1
76,40,39,1
76,40,42,1
76,40,47,1
76,41,06,2
76,41,07,2
76,41,10,1
76,41,26,1
76,41,28,4
76,41,31,2
76,41,39,1
76,41,51,1
76,42,39,3
76,42,42,7
76,42,67,1
76,46,04,1
76,46,08,3
76,47,04,4
76,47,08,12
76,47,17,7
76,47,24,1
76,47,26,4
76,47,47,1
76,47,54,3
76,47,60,2
76,48,07,2
76,48,10,2
76,48,28,9
76,48,35,1
76,48,51,3
76,48,63,1
76,49,04,1
76,49,16,1
76,49,26,2
76,49,28,10
76,49,51,1
76,52,32,1
76,52,52,2
76,53,01,1
76,53,10,1
76,53,97,1
76,54,04,2
76,54,07,1
76,54,26,2
76,54,39,1
76,54,63,2
76,58,04,1
76,58,07,1
76,58,08,2
76,58,16,1
76,58,38,1
76,58,39,5
76,59,16,2
76,59,24,2
76,59,59,1
76,60,10,1
76,60,24,2
76,60,25,1
76,60,28,6
76,60,38,2
76,60,47,1
76,60,63,1
76,60,67,1
76,60,96,1
76,61,16,1
76,61,28,4
76,61,38,1
76,61,58,1
76,61,63,1
76,62,06,1
76,62,35,1
76,62,36,1
76,62,38,1
76,62,42,1
76,62,47,4
76,62,60,1
76,62,98,1
76,63,04,1
76,63,10,1
76,63,16,1
76,63,24,1
76,63,26,2
76,63,28,18
76,63,39,4
76,63,42,1
76,63,47,1
76,63,67,1
76,63,96,1
76,64,04,1
76,64,28,3
76,64,47,1
76,64,48,1
76,64,51,1
76,67,04,2
76,67,06,1
76,67,07,3
76,67,08,1
76,67,09,1
76,67,10,1
76,67,16,1
76,67,20,1
76,67,21,2
76,67,24,2
76,67,25,1
76,67,26,11
76,67,27,4
76,67,28,24
76,67,31,4
76,67,32,1
76,67,38,6
76,67,39,5
76,67,42,1
76,67,96,1
76,68,07,1
76,68,38,1
76,79,28,2
76,96,07,4
76,96,08,3
76,96,10,8
76,96,16,1
76,96,19,1
76,96,21,6
76,96,23,2
76,96,26,3
76,96,27,6
76,96,28,4
76,96,33,5
76,96,35,1
76,96,38,2
76,96,39,2
76,96,60,1
76,96,96,17
76,97,06,3
76,97,09,1
76,97,10,1
76,97,26,1
76,97,32,1
76,97,35,1
76,97,38,1
76,97,62,1
76,97,97,7
76,97,98,2
76,98,07,2
76,98,09,1
76,98,10,1
76,98,16,4
76,98,18,1
76,98,20,2
76,98,21,1
76,98,26,1
76,98,28,4
76,98,32,9
76,98,35,5
76,98,36,16
76,98,38,3
76,98,39,1
76,98,62,1
76,98,97,3
76,98,98,21
76,99,10,1
76,99,16,1
76,99,99,1
77,00,01,55
77,00,03,22
77,00,04,242
77,00,06,45
77,00,07,176
77,00,08,53
77,00,09,20
77,00,10,62
77,00,12,1
77,00,13,2
77,00,15,10
77,00,16,47
77,00,17,33
77,00,18,6
77,00,19,90
77,00,20,12
77,00,21,99
77,00,22,5
77,00,23,38
77,00,24,70
77,00,25,23
77,00,26,330
77,00,27,34
77,00,28,1241
77,00,30,13
77,00,31,20
77,00,32,43
77,00,33,27
77,00,35,95
77,00,36,42
77,00,38,45
77,00,39,227
77,00,40,2
77,00,41,2
77,00,42,12
77,00,43,1
77,00,46,1
77,00,47,7
77,00,48,10
77,00,50,1
77,00,51,2
77,00,53,3
77,00,55,1
77,00,58,2
77,00,60,8
77,00,63,3
77,00,67,17
77,00,96,33
77,00,97,13
77,00,98,24
77,00,99,8
77,01,01,3
77,01,10,1
77,01,23,2
77,01,26,1
77,01,28,1
77,01,35,1
77,01,60,1
77,01,96,1
77,03,03,11
77,03,17,2
77,03,23,1
77,03,25,2
77,03,28,1
77,03,30,2
77,03,38,1
77,03,39,5
77,03,58,1
77,03,99,1
77,04,04,24
77,04,07,11
77,04,08,7
77,04,10,2
77,04,13,2
77,04,16,1
77,04,17,1
77,04,21,1
77,04,24,5
77,04,26,35
77,04,27,1
77,04,28,35
77,04,31,1
77,04,35,2
77,04,38,4
77,04,39,6
77,04,42,1
77,04,47,8
77,04,48,1
77,04,49,3
77,04,50,1
77,04,67,2
77,04,99,1
77,06,03,1
77,06,06,28
77,06,07,5
77,06,08,1
77,06,10,1
77,06,13,1
77,06,16,6
77,06,17,1
77,06,21,2
77,06,23,1
77,06,26,1
77,06,27,2
77,06,28,8
77,06,30,5
77,06,35,9
77,06,36,1
77,06,38,19
77,06,39,2
77,06,58,1
77,06,62,4
77,06,67,4
77,06,97,3
77,06,99,1
77,07,01,1
77,07,03,1
77,07,06,5
77,07,07,122
77,07,09,3
77,07,10,4
77,07,13,2
77,07,16,14
77,07,17,3
77,07,21,1
77,07,24,5
77,07,25,3
77,07,26,7
77,07,27,1
77,07,28,64
77,07,30,3
77,07,32,6
77,07,35,12
77,07,38,10
77,07,39,13
77,07,42,1
77,07,48,4
77,07,60,2
77,07,62,1
77,07,63,4
77,07,67,2
77,07,96,4
77,07,98,1
77,08,01,1
77,08,04,3
77,08,08,57
77,08,13,2
77,08,16,4
77,08,17,8
77,08,26,9
77,08,28,5
77,08,31,2
77,08,35,6
77,08,38,2
77,08,39,9
77,08,40,1
77,08,47,11
77,08,67,1
77,09,09,4
77,09,23,1
77,09,28,1
77,09,35,4
77,09,38,4
77,09,62,1
77,10,01,2
77,10,04,7
77,10,06,2
77,10,07,3
77,10,08,2
77,10,10,37
77,10,16,1
77,10,17,1
77,10,21,4
77,10,23,1
77,10,24,1
77,10,26,6
77,10,28,23
77,10,32,1
77,10,35,6
77,10,36,3
77,10,38,2
77,10,39,4
77,10,42,1
77,10,47,1
77,10,51,1
77,10,58,1
77,10,60,2
77,10,63,1
77,10,67,4
77,10,96,6
77,12,08,1
77,12,17,1
77,12,98,2
77,13,10,2
77,13,13,1
77,13,23,1
77,13,38,1
77,15,16,3
77,15,28,1
77,16,01,2
77,16,03,1
77,16,04,1
77,16,07,11
77,16,08,1
77,16,10,2
77,16,13,1
77,16,16,26
77,16,20,1
77,16,23,2
77,16,24,1
77,16,28,7
77,16,30,3
77,16,31,1
77,16,32,1
77,16,33,1
77,16,35,4
77,16,38,7
77,16,39,1
77,16,40,1
77,16,48,1
77,16,51,2
77,16,63,4
77,16,96,1
77,17,03,1
77,17,04,1
77,17,06,1
77,17,08,3
77,17,09,1
77,17,10,1
77,17,17,9
77,17,23,1
77,17,24,3
77,17,25,2
77,17,26,3
77,17,28,2
77,17,31,1
77,17,35,6
77,17,38,2
77,17,39,8
77,17,40,1
77,17,47,1
77,17,67,2
77,19,19,13
77,19,21,8
77,19,23,2
77,19,24,1
77,19,26,1
77,19,27,2
77,19,28,4
77,19,33,5
77,19,38,3
77,19,39,1
77,19,54,1
77,19,67,1
77,19,96,3
77,20,13,1
77,20,16,1
77,20,20,10
77,20,21,1
77,20,23,3
77,20,28,1
77,20,31,1
77,20,32,6
77,20,36,1
77,20,39,1
77,20,67,1
77,20,98,1
77,21,06,1
77,21,07,2
77,21,15,1
77,21,19,14
77,21,21,13
77,21,23,5
77,21,24,2
77,21,27,7
77,21,28,12
77,21,32,2
77,21,33,1
77,21,35,2
77,21,36,1
77,21,42,1
77,21,60,1
77,21,67,1
77,21,96,5
77,22,32,1
77,23,04,1
77,23,06,5
77,23,10,1
77,23,20,2
77,23,21,1
77,23,23,22
77,23,26,2
77,23,28,4
77,23,32,2
77,23,35,8
77,23,36,2
77,23,38,2
77,23,39,5
77,23,52,1
77,23,55,1
77,23,60,3
77,23,96,1
77,23,97,2
77,23,98,5
77,24,03,6
77,24,04,7
77,24,06,2
77,24,07,2
77,24,08,6
77,24,10,4
77,24,13,1
77,24,16,8
77,24,17,4
77,24,21,1
77,24,23,2
77,24,24,32
77,24,26,12
77,24,28,16
77,24,31,2
77,24,33,1
77,24,35,3
77,24,38,2
77,24,39,8
77,24,60,2
77,24,63,1
77,24,67,1
77,25,03,1
77,25,04,1
77,25,07,1
77,25,08,1
77,25,13,1
77,25,16,3
77,25,24,2
77,25,25,5
77,25,26,3
77,25,27,1
77,25,31,2
77,25,32,2
77,25,38,4
77,25,39,3
77,25,58,2
77,25,79,1
77,25,96,3
77,25,99,2
77,26,03,4
77,26,04,46
77,26,06,1
77,26,07,11
77,26,08,11
77,26,10,11
77,26,13,1
77,26,16,4
77,26,17,15
77,26,21,2
77,26,23,5
77,26,24,8
77,26,25,4
77,26,26,204
77,26,28,54
77,26,30,6
77,26,31,1
77,26,32,1
77,26,35,9
77,26,36,1
77,26,38,4
77,26,39,21
77,26,40,6
77,26,42,5
77,26,46,1
77,26,47,15
77,26,48,1
77,26,51,1
77,26,53,1
77,26,63,2
77,26,67,21
77,26,96,5
77,26,98,1
77,27,01,1
77,27,04,1
77,27,17,1
77,27,19,3
77,27,26,1
77,27,27,8
77,27,28,2
77,27,31,1
77,27,32,2
77,27,48,1
77,27,60,2
77,27,96,4
77,28,01,1
77,28,03,1
77,28,04,39
77,28,06,6
77,28,07,88
77,28,08,9
77,28,09,1
77,28,10,28
77,28,16,17
77,28,17,3
77,28,19,3
77,28,21,8
77,28,23,8
77,28,24,24
77,28,25,2
77,28,26,71
77,28,28,1061
77,28,30,3
77,28,31,5
77,28,32,6
77,28,33,3
77,28,35,17
77,28,36,6
77,28,38,19
77,28,39,54
77,28,41,12
77,28,42,13
77,28,43,6
77,28,48,21
77,28,49,13
77,28,50,1
77,28,51,24
77,28,53,2
77,28,54,1
77,28,60,16
77,28,61,2
77,28,62,2
77,28,63,22
77,28,64,4
77,28,67,38
77,28,68,2
77,28,79,1
77,28,96,4
77,28,98,8
77,30,06,1
77,30,07,3
77,30,35,1
77,30,38,1
77,30,99,2
77,31,03,1
77,31,04,1
77,31,06,1
77,31,07,1
77,31,08,1
77,31,17,2
77,31,20,1
77,31,23,2
77,31,24,3
77,31,26,5
77,31,28,5
77,31,31,5
77,31,35,1
77,31,38,3
77,31,39,4
77,31,58,1
77,31,96,1
77,32,04,2
77,32,08,3
77,32,17,2
77,32,20,7
77,32,22,1
77,32,23,2
77,32,26,2
77,32,27,1
77,32,28,7
77,32,32,16
77,32,36,2
77,32,39,5
77,32,52,2
77,32,60,2
77,32,62,1
77,32,98,4
77,33,03,1
77,33,10,3
77,33,19,2
77,33,23,1
77,33,27,6
77,33,28,1
77,33,33,13
77,33,39,2
77,33,96,6
77,35,01,2
77,35,06,13
77,35,07,18
77,35,09,5
77,35,10,1
77,35,12,1
77,35,16,2
77,35,17,1
77,35,23,13
77,35,26,4
77,35,28,16
77,35,31,3
77,35,32,1
77,35,35,123
77,35,36,2
77,35,38,16
77,35,39,3
77,35,52,1
77,35,60,1
77,35,62,1
77,35,67,2
77,35,96,1
77,35,97,10
77,35,98,1
77,35,99,2
77,36,06,1
77,36,10,1
77,36,23,1
77,36,28,17
77,36,32,5
77,36,35,3
77,36,36,32
77,36,39,3
77,36,55,2
77,36,60,1
77,36,67,1
77,36,97,1
77,36,98,20
77,38,03,1
77,38,04,1
77,38,06,21
77,38,07,7
77,38,09,3
77,38,10,1
77,38,17,3
77,38,19,2
77,38,20,1
77,38,23,2
77,38,26,8
77,38,28,11
77,38,33,1
77,38,35,15
77,38,38,52
77,38,39,9
77,38,67,1
77,38,98,4
77,38,99,1
77,39,03,17
77,39,04,9
77,39,06,2
77,39,07,3
77,39,08,8
77,39,10,6
77,39,13,1
77,39,16,1
77,39,17,13
77,39,23,3
77,39,24,4
77,39,25,8
77,39,26,25
77,39,28,28
77,39,32,1
77,39,35,5
77,39,36,1
77,39,38,11
77,39,39,173
77,39,47,1
77,39,58,6
77,39,60,1
77,39,63,1
77,39,67,6
77,39,79,2
77,39,96,1
77,39,98,1
77,40,03,1
77,40,04,1
77,40,07,1
77,40,17,1
77,40,26,5
77,40,28,2
77,40,47,2
77,40,54,1
77,40,67,1
77,41,21,1
77,41,26,1
77,41,28,10
77,41,31,1
77,41,35,1
77,41,38,1
77,41,41,3
77,41,51,1
77,41,68,1
77,42,26,4
77,42,28,3
77,42,39,2
77,42,42,1
77,42,48,1
77,42,67,3
77,43,07,2
77,43,28,4
77,46,47,2
77,47,07,4
77,47,08,10
77,47,09,2
77,47,17,4
77,47,26,2
77,47,28,1
77,47,30,2
77,47,38,2
77,47,48,1
77,47,63,1
77,48,04,2
77,48,07,1
77,48,16,1
77,48,26,2
77,48,28,6
77,48,51,2
77,49,04,3
77,49,07,1
77,49,26,1
77,49,28,15
77,52,36,1
77,52,55,1
77,52,98,3
77,53,26,1
77,53,47,2
77,53,50,1
77,54,04,1
77,54,16,1
77,54,47,2
77,54,62,1
77,55,20,1
77,55,23,1
77,55,32,1
77,55,52,1
77,58,03,1
77,58,07,1
77,58,08,1
77,58,09,2
77,58,10,1
77,58,16,1
77,58,25,1
77,58,28,1
77,58,31,2
77,58,35,1
77,58,38,1
77,58,39,2
77,59,08,1
77,59,47,2
77,60,01,1
77,60,03,1
77,60,07,1
77,60,10,1
77,60,19,1
77,60,21,1
77,60,28,9
77,60,33,1
77,60,35,1
77,60,39,1
77,60,40,2
77,60,47,2
77,60,51,1
77,60,63,1
77,60,67,1
77,61,07,2
77,61,10,1
77,61,24,2
77,61,28,4
77,62,04,2
77,62,06,1
77,62,07,1
77,62,16,1
77,62,23,2
77,62,26,1
77,62,28,1
77,62,32,1
77,62,60,1
77,63,07,2
77,63,08,1
77,63,26,4
77,63,28,21
77,63,35,2
77,63,42,2
77,63,48,1
77,63,51,1
77,63,60,1
77,64,06,1
77,64,26,1
77,64,28,4
77,64,31,1
77,64,35,1
77,64,38,1
77,64,67,1
77,67,04,1
77,67,07,3
77,67,08,1
77,67,10,2
77,67,16,1
77,67,19,1
77,67,23,1
77,67,24,1
77,67,26,11
77,67,28,24
77,67,35,1
77,67,36,1
77,67,38,2
77,67,39,4
77,67,51,1
77,67,64,1
77,67,96,1
77,67,98,1
77,67,99,2
77,68,28,2
77,79,03,1
77,79,39,1
77,96,01,5
77,96,03,2
77,96,10,5
77,96,16,1
77,96,18,1
77,96,21,3
77,96,23,4
77,96,26,3
77,96,27,2
77,96,28,1
77,96,30,1
77,96,33,5
77,96,35,4
77,96,36,1
77,96,38,2
77,96,48,1
77,96,63,1
77,96,67,2
77,96,96,25
77,97,06,3
77,97,10,1
77,97,23,5
77,97,27,1
77,97,28,1
77,97,32,1
77,97,35,1
77,97,38,4
77,97,39,1
77,97,62,1
77,97,97,1
77,97,98,3
77,98,06,2
77,98,19,1
77,98,23,2
77,98,26,1
77,98,28,1
77,98,31,1
77,98,32,4
77,98,33,3
77,98,35,3
77,98,36,17
77,98,38,1
77,98,52,1
77,98,62,2
77,98,67,2
77,98,97,1
77,98,98,14
77,99,03,1
77,99,07,2
77,99,17,1
77,99,30,1
77,99,38,1
77,99,39,1
77,99,67,2
77,99,99,1
